2026-02-22 22:36:35 - INFO - root - ✅ Logging initialized for FastAPI app.
2026-02-22 22:36:37 - INFO - Agents.DataQueryAgent.query_agent - Loading data from CSV...
2026-02-22 22:36:37 - INFO - Agents.DataQueryAgent.load_data - Data loaded successfully from Datafiles/filtered.csv. Shape: (83, 130)
2026-02-22 22:36:37 - INFO - Agents.DataQueryAgent.query_agent - Data loaded successfully. Shape: (83, 130)
2026-02-22 22:36:37 - INFO - Agents.DataQueryAgent.query_agent - Generating SQL query for user request: top 3 rows
2026-02-22 22:36:37 - ERROR - Agents.DataQueryAgent.query_agent - Error generating SQL query: 'DataQueryAgent' object has no attribute 'api_key'
2026-02-22 22:37:01 - INFO - root - ✅ Logging initialized for FastAPI app.
2026-02-22 22:38:03 - INFO - root - ✅ Logging initialized for FastAPI app.
2026-02-22 22:38:42 - INFO - Agents.DataQueryAgent.query_agent - Loading data from CSV...
2026-02-22 22:38:42 - INFO - Agents.DataQueryAgent.load_data - Data loaded successfully from Datafiles/filtered.csv. Shape: (83, 130)
2026-02-22 22:38:42 - INFO - Agents.DataQueryAgent.query_agent - Data loaded successfully. Shape: (83, 130)
2026-02-22 22:38:42 - INFO - Agents.DataQueryAgent.query_agent - Generating SQL query for user request: top 3 rows
2026-02-22 22:38:42 - ERROR - Agents.DataQueryAgent.query_agent - Error generating SQL query: 'DataQueryAgent' object has no attribute 'api_key'
2026-02-22 22:39:31 - INFO - root - ✅ Logging initialized for FastAPI app.
2026-02-22 22:39:32 - INFO - Agents.DataQueryAgent.query_agent - Loading data from CSV...
2026-02-22 22:39:32 - INFO - Agents.DataQueryAgent.load_data - Data loaded successfully from Datafiles/filtered.csv. Shape: (83, 130)
2026-02-22 22:39:32 - INFO - Agents.DataQueryAgent.query_agent - Data loaded successfully. Shape: (83, 130)
2026-02-22 22:39:32 - INFO - Agents.DataQueryAgent.query_agent - Generating SQL query for user request: top 3 rows
2026-02-22 22:39:32 - ERROR - Agents.DataQueryAgent.query_agent - Error generating SQL query: 'DataQueryAgent' object has no attribute 'api_key'
2026-02-22 22:40:04 - INFO - root - ✅ Logging initialized for FastAPI app.
2026-02-22 22:40:07 - INFO - root - ✅ Logging initialized for FastAPI app.
2026-02-22 22:40:11 - INFO - root - ✅ Logging initialized for FastAPI app.
2026-02-22 22:40:24 - INFO - root - ✅ Logging initialized for FastAPI app.
2026-02-22 22:40:28 - INFO - root - ✅ Logging initialized for FastAPI app.
2026-02-22 22:40:35 - INFO - root - ✅ Logging initialized for FastAPI app.
2026-02-22 22:40:39 - INFO - Agents.DataQueryAgent.query_agent - Loading data from CSV...
2026-02-22 22:40:39 - INFO - Agents.DataQueryAgent.load_data - Data loaded successfully from Datafiles/filtered.csv. Shape: (83, 130)
2026-02-22 22:40:39 - INFO - Agents.DataQueryAgent.query_agent - Data loaded successfully. Shape: (83, 130)
2026-02-22 22:40:39 - INFO - Agents.DataQueryAgent.query_agent - Generating SQL query for user request: top 3 rows
2026-02-22 22:40:39 - ERROR - Agents.DataQueryAgent.query_agent - Error generating SQL query: 'DataQueryAgent' object has no attribute 'site_url'
2026-02-22 22:41:48 - INFO - root - ✅ Logging initialized for FastAPI app.
2026-02-22 22:42:20 - INFO - root - ✅ Logging initialized for FastAPI app.
2026-02-22 22:42:38 - INFO - root - ✅ Logging initialized for FastAPI app.
2026-02-22 22:42:42 - INFO - Agents.DataQueryAgent.query_agent - Loading data from CSV...
2026-02-22 22:42:42 - INFO - Agents.DataQueryAgent.load_data - Data loaded successfully from Datafiles/filtered.csv. Shape: (83, 130)
2026-02-22 22:42:42 - INFO - Agents.DataQueryAgent.query_agent - Data loaded successfully. Shape: (83, 130)
2026-02-22 22:42:42 - INFO - Agents.DataQueryAgent.query_agent - Generating SQL query for user request: top 3 rows
2026-02-22 22:42:42 - INFO - Mixins.llm_client - Sending request to OpenRouter model=meta-llama/llama-3.3-70b-instruct
2026-02-22 22:42:44 - INFO - Mixins.llm_client - Received response from meta-llama/llama-3.3-70b-instruct
2026-02-22 22:42:44 - INFO - Agents.DataQueryAgent.query_agent - Generated SQL: SELECT * FROM df LIMIT
2026-02-22 22:43:03 - INFO - root - ✅ Logging initialized for FastAPI app.
2026-02-22 22:43:03 - INFO - Agents.DataQueryAgent.query_agent - Loading data from CSV...
2026-02-22 22:43:03 - INFO - Agents.DataQueryAgent.load_data - Data loaded successfully from Datafiles/filtered.csv. Shape: (83, 130)
2026-02-22 22:43:03 - INFO - Agents.DataQueryAgent.query_agent - Data loaded successfully. Shape: (83, 130)
2026-02-22 22:43:03 - INFO - Agents.DataQueryAgent.query_agent - Generating SQL query for user request: top 3 rows
2026-02-22 22:43:03 - INFO - Mixins.llm_client - Sending request to OpenRouter model=meta-llama/llama-3.3-70b-instruct
2026-02-22 22:43:08 - INFO - Mixins.llm_client - Received response from meta-llama/llama-3.3-70b-instruct
2026-02-22 22:43:08 - INFO - Agents.DataQueryAgent.query_agent - Generated SQL: SELECT * FROM df LIMIT 3
2026-02-22 22:43:10 - INFO - root - ✅ Logging initialized for FastAPI app.
2026-02-22 22:43:11 - INFO - root - ✅ Logging initialized for FastAPI app.
2026-02-22 22:43:11 - INFO - Agents.DataQueryAgent.query_agent - Loading data from CSV...
2026-02-22 22:43:11 - INFO - Agents.DataQueryAgent.load_data - Data loaded successfully from Datafiles/filtered.csv. Shape: (83, 130)
2026-02-22 22:43:11 - INFO - Agents.DataQueryAgent.query_agent - Data loaded successfully. Shape: (83, 130)
2026-02-22 22:43:11 - INFO - Agents.DataQueryAgent.query_agent - Generating SQL query for user request: top 3 rows
2026-02-22 22:43:11 - INFO - Mixins.llm_client - Sending request to OpenRouter model=meta-llama/llama-3.3-70b-instruct
2026-02-22 22:43:19 - INFO - Mixins.llm_client - Received response from meta-llama/llama-3.3-70b-instruct
2026-02-22 22:43:19 - INFO - Agents.DataQueryAgent.query_agent - Generated SQL: SELECT * FROM df LIMIT 3
2026-02-22 22:47:04 - INFO - root - ✅ Logging initialized for FastAPI app.
2026-02-22 22:47:10 - INFO - Agents.DataQueryAgent.query_agent - Loading data from CSV...
2026-02-22 22:47:10 - INFO - Agents.DataQueryAgent.load_data - Data loaded successfully from Datafiles/filtered.csv. Shape: (83, 130)
2026-02-22 22:47:10 - INFO - Agents.DataQueryAgent.query_agent - Data loaded successfully. Shape: (83, 130)
2026-02-22 22:47:10 - INFO - Agents.DataQueryAgent.query_agent - Generating SQL query for user request: top 3 rows
2026-02-22 22:47:10 - INFO - Mixins.llm_client - Sending request to OpenRouter model=meta-llama/llama-3.3-70b-instruct
2026-02-22 22:47:12 - INFO - Mixins.llm_client - Received response from meta-llama/llama-3.3-70b-instruct
2026-02-22 22:47:12 - INFO - Agents.DataQueryAgent.query_agent - Generated SQL: SELECT * FROM df LIMIT 3
2026-02-22 22:47:39 - INFO - root - ✅ Logging initialized for FastAPI app.
2026-02-22 22:47:41 - INFO - Agents.DataQueryAgent.query_agent - Loading data from CSV...
2026-02-22 22:47:41 - INFO - Agents.DataQueryAgent.load_data - Data loaded successfully from Datafiles/filtered.csv. Shape: (83, 130)
2026-02-22 22:47:41 - INFO - Agents.DataQueryAgent.query_agent - Data loaded successfully. Shape: (83, 130)
2026-02-22 22:47:41 - INFO - Agents.DataQueryAgent.query_agent - Generating SQL query for user request: top 3 rows
2026-02-22 22:47:41 - INFO - Mixins.llm_client - Sending request to OpenRouter model=meta-llama/llama-3.3-70b-instruct
2026-02-22 22:47:46 - INFO - Mixins.llm_client - Received response from meta-llama/llama-3.3-70b-instruct
2026-02-22 22:47:46 - INFO - Agents.DataQueryAgent.query_agent - Generated SQL: SELECT * FROM df LIMIT 3
2026-02-22 22:47:46 - INFO - Agents.DataQueryAgent.query_agent - Executing SQL query: SELECT * FROM df LIMIT 3
2026-02-22 22:47:46 - INFO - Agents.DataQueryAgent.load_data - Executing SQL query: SELECT * FROM df LIMIT 3
2026-02-22 22:47:46 - INFO - Agents.DataQueryAgent.load_data - Query executed successfully. Returned 3 rows.
2026-02-22 22:47:46 - INFO - Agents.DataQueryAgent.query_agent - Query executed successfully. Result shape: (3, 130)
2026-02-22 22:48:09 - INFO - root - ✅ Logging initialized for FastAPI app.
2026-02-22 22:48:10 - INFO - root - ✅ Logging initialized for FastAPI app.
2026-02-22 22:48:10 - INFO - Agents.DataQueryAgent.query_agent - Loading data from CSV...
2026-02-22 22:48:10 - INFO - Agents.DataQueryAgent.load_data - Data loaded successfully from Datafiles/filtered.csv. Shape: (83, 130)
2026-02-22 22:48:10 - INFO - Agents.DataQueryAgent.query_agent - Data loaded successfully. Shape: (83, 130)
2026-02-22 22:48:10 - INFO - Agents.DataQueryAgent.query_agent - Generating SQL query for user request: top 3 rows
2026-02-22 22:48:10 - INFO - Mixins.llm_client - Sending request to OpenRouter model=meta-llama/llama-3.3-70b-instruct
2026-02-22 22:48:11 - INFO - Mixins.llm_client - Received response from meta-llama/llama-3.3-70b-instruct
2026-02-22 22:48:11 - INFO - Agents.DataQueryAgent.query_agent - Generated SQL: SELECT * FROM df LIMIT 3
2026-02-22 22:48:11 - INFO - Agents.DataQueryAgent.query_agent - Executing SQL query: SELECT * FROM df LIMIT 3
2026-02-22 22:48:11 - INFO - Agents.DataQueryAgent.load_data - Executing SQL query: SELECT * FROM df LIMIT 3
2026-02-22 22:48:12 - INFO - Agents.DataQueryAgent.load_data - Query executed successfully. Returned 3 rows.
2026-02-22 22:48:12 - INFO - Agents.DataQueryAgent.query_agent - Query executed successfully. Result shape: (3, 130)
2026-02-22 22:48:16 - INFO - root - ✅ Logging initialized for FastAPI app.
2026-02-22 22:48:18 - INFO - Agents.DataQueryAgent.query_agent - Loading data from CSV...
2026-02-22 22:48:18 - INFO - Agents.DataQueryAgent.load_data - Data loaded successfully from Datafiles/filtered.csv. Shape: (83, 130)
2026-02-22 22:48:18 - INFO - Agents.DataQueryAgent.query_agent - Data loaded successfully. Shape: (83, 130)
2026-02-22 22:48:18 - INFO - Agents.DataQueryAgent.query_agent - Generating SQL query for user request: top 3 rows
2026-02-22 22:48:18 - INFO - Mixins.llm_client - Sending request to OpenRouter model=meta-llama/llama-3.3-70b-instruct
2026-02-22 22:48:22 - INFO - Mixins.llm_client - Received response from meta-llama/llama-3.3-70b-instruct
2026-02-22 22:48:22 - INFO - Agents.DataQueryAgent.query_agent - Generated SQL: SELECT * FROM df LIMIT
2026-02-22 22:48:22 - INFO - Agents.DataQueryAgent.query_agent - Executing SQL query: SELECT * FROM df LIMIT
2026-02-22 22:48:22 - INFO - Agents.DataQueryAgent.load_data - Executing SQL query: SELECT * FROM df LIMIT
2026-02-22 22:48:22 - ERROR - Agents.DataQueryAgent.load_data - Error running SQL query: Parser Error: syntax error at end of input
2026-02-22 22:48:22 - INFO - Agents.DataQueryAgent.query_agent - Query executed successfully. Result shape: (0, 0)
2026-02-22 22:49:44 - INFO - root - ✅ Logging initialized for FastAPI app.
2026-02-22 22:49:45 - INFO - Agents.DataQueryAgent.query_agent - Loading data from CSV...
2026-02-22 22:49:45 - INFO - Agents.DataQueryAgent.load_data - Data loaded successfully from Datafiles/filtered.csv. Shape: (83, 130)
2026-02-22 22:49:45 - INFO - Agents.DataQueryAgent.query_agent - Data loaded successfully. Shape: (83, 130)
2026-02-22 22:49:45 - INFO - Agents.DataQueryAgent.query_agent - Generating SQL query for user request: top 3 rows
2026-02-22 22:49:45 - INFO - Mixins.llm_client - Sending request to OpenRouter model=meta-llama/llama-3.3-70b-instruct
2026-02-22 22:49:52 - INFO - Mixins.llm_client - Received response from meta-llama/llama-3.3-70b-instruct
2026-02-22 22:49:52 - INFO - Agents.DataQueryAgent.query_agent - Generated SQL: SELECT * FROM df LIMIT 3
2026-02-22 22:49:52 - INFO - Agents.DataQueryAgent.query_agent - Executing SQL query: SELECT * FROM df LIMIT 3
2026-02-22 22:49:52 - INFO - Agents.DataQueryAgent.load_data - Executing SQL query: SELECT * FROM df LIMIT 3
2026-02-22 22:49:52 - INFO - Agents.DataQueryAgent.load_data - Query executed successfully. Returned 3 rows.
2026-02-22 22:49:52 - INFO - Agents.DataQueryAgent.query_agent - Query executed successfully. Result shape: (3, 130)
2026-02-22 22:51:54 - INFO - root - ✅ Logging initialized for FastAPI app.
2026-02-22 22:52:01 - INFO - root - ✅ Logging initialized for FastAPI app.
2026-02-22 22:52:02 - INFO - root - ✅ Logging initialized for FastAPI app.
2026-02-22 22:52:41 - INFO - root - ✅ Logging initialized for FastAPI app.
2026-02-22 22:52:42 - INFO - root - ✅ Logging initialized for FastAPI app.
2026-02-22 22:52:43 - INFO - Agents.DataQueryAgent.query_agent - Loading data from CSV...
2026-02-22 22:52:43 - INFO - Agents.DataQueryAgent.load_data - Data loaded successfully from Datafiles/filtered.csv. Shape: (83, 130)
2026-02-22 22:52:43 - INFO - Agents.DataQueryAgent.query_agent - Data loaded successfully. Shape: (83, 130)
2026-02-22 22:52:43 - INFO - Agents.DataQueryAgent.query_agent - Generating SQL query for user request: top 3 rows
2026-02-22 22:52:43 - INFO - Mixins.llm_client - Sending request to OpenRouter model=meta-llama/llama-3.3-70b-instruct
2026-02-22 22:52:44 - INFO - Mixins.llm_client - Received response from meta-llama/llama-3.3-70b-instruct
2026-02-22 22:52:44 - INFO - Agents.DataQueryAgent.query_agent - Generated SQL: SELECT * FROM df LIMIT 3
2026-02-22 22:52:44 - INFO - Agents.DataQueryAgent.query_agent - Executing SQL query: SELECT * FROM df LIMIT 3
2026-02-22 22:52:44 - INFO - Agents.DataQueryAgent.load_data - Executing SQL query: SELECT * FROM df LIMIT 3
2026-02-22 22:52:44 - INFO - Agents.DataQueryAgent.load_data - SQL query executed successfully — 3 rows returned.
2026-02-22 22:52:44 - ERROR - Agents.DataQueryAgent.query_agent - Error executing SQL query: 'str' object has no attribute 'shape'
2026-02-22 22:53:18 - INFO - root - ✅ Logging initialized for FastAPI app.
2026-02-22 22:53:18 - INFO - Agents.DataQueryAgent.query_agent - Loading data from CSV...
2026-02-22 22:53:18 - INFO - Agents.DataQueryAgent.load_data - Data loaded successfully from Datafiles/filtered.csv. Shape: (83, 130)
2026-02-22 22:53:18 - INFO - Agents.DataQueryAgent.query_agent - Data loaded successfully. Shape: (83, 130)
2026-02-22 22:53:18 - INFO - Agents.DataQueryAgent.query_agent - Generating SQL query for user request: top 3 rows
2026-02-22 22:53:18 - INFO - Mixins.llm_client - Sending request to OpenRouter model=meta-llama/llama-3.3-70b-instruct
2026-02-22 22:53:20 - INFO - Mixins.llm_client - Received response from meta-llama/llama-3.3-70b-instruct
2026-02-22 22:53:20 - INFO - Agents.DataQueryAgent.query_agent - Generated SQL: SELECT * FROM df LIMIT 3
2026-02-22 22:53:20 - INFO - Agents.DataQueryAgent.query_agent - Executing SQL query: SELECT * FROM df LIMIT 3
2026-02-22 22:53:20 - INFO - Agents.DataQueryAgent.load_data - Executing SQL query: SELECT * FROM df LIMIT 3
2026-02-22 22:53:20 - INFO - Agents.DataQueryAgent.load_data - SQL query executed successfully — 3 rows returned.
2026-02-22 22:53:20 - ERROR - Agents.DataQueryAgent.query_agent - Error executing SQL query: 'str' object has no attribute 'get'
2026-02-22 22:53:43 - INFO - root - ✅ Logging initialized for FastAPI app.
2026-02-22 22:53:47 - INFO - Agents.DataQueryAgent.query_agent - Loading data from CSV...
2026-02-22 22:53:47 - INFO - Agents.DataQueryAgent.load_data - Data loaded successfully from Datafiles/filtered.csv. Shape: (83, 130)
2026-02-22 22:53:47 - INFO - Agents.DataQueryAgent.query_agent - Data loaded successfully. Shape: (83, 130)
2026-02-22 22:53:47 - INFO - Agents.DataQueryAgent.query_agent - Generating SQL query for user request: top 3 rows
2026-02-22 22:53:47 - INFO - Mixins.llm_client - Sending request to OpenRouter model=meta-llama/llama-3.3-70b-instruct
2026-02-22 22:53:50 - INFO - Mixins.llm_client - Received response from meta-llama/llama-3.3-70b-instruct
2026-02-22 22:53:50 - INFO - Agents.DataQueryAgent.query_agent - Generated SQL: SELECT * FROM df LIMIT 3
2026-02-22 22:53:50 - INFO - Agents.DataQueryAgent.query_agent - Executing SQL query: SELECT * FROM df LIMIT 3
2026-02-22 22:53:50 - INFO - Agents.DataQueryAgent.load_data - Executing SQL query: SELECT * FROM df LIMIT 3
2026-02-22 22:53:50 - INFO - Agents.DataQueryAgent.load_data - SQL query executed successfully — 3 rows returned.
2026-02-22 22:53:50 - ERROR - Agents.DataQueryAgent.query_agent - Error executing SQL query: 'str' object has no attribute 'get'
2026-02-22 22:53:57 - INFO - root - ✅ Logging initialized for FastAPI app.
2026-02-22 22:54:39 - INFO - root - ✅ Logging initialized for FastAPI app.
2026-02-22 22:54:49 - INFO - root - ✅ Logging initialized for FastAPI app.
2026-02-22 22:54:58 - INFO - root - ✅ Logging initialized for FastAPI app.
2026-02-22 22:55:00 - INFO - root - ✅ Logging initialized for FastAPI app.
2026-02-22 22:55:02 - INFO - Agents.DataQueryAgent.query_agent - Loading data from CSV...
2026-02-22 22:55:02 - INFO - Agents.DataQueryAgent.load_data - Data loaded successfully from Datafiles/filtered.csv. Shape: (83, 130)
2026-02-22 22:55:02 - INFO - Agents.DataQueryAgent.query_agent - Data loaded successfully. Shape: (83, 130)
2026-02-22 22:55:02 - INFO - Agents.DataQueryAgent.query_agent - Generating SQL query for user request: top 3 rows
2026-02-22 22:55:02 - INFO - Mixins.llm_client - Sending request to OpenRouter model=meta-llama/llama-3.3-70b-instruct
2026-02-22 22:55:05 - INFO - Mixins.llm_client - Received response from meta-llama/llama-3.3-70b-instruct
2026-02-22 22:55:05 - INFO - Agents.DataQueryAgent.query_agent - Generated SQL: SELECT * FROM df LIMIT 3
2026-02-22 22:55:05 - INFO - Agents.DataQueryAgent.query_agent - Executing SQL query: SELECT * FROM df LIMIT 3
2026-02-22 22:55:05 - INFO - Agents.DataQueryAgent.load_data - Executing SQL query: SELECT * FROM df LIMIT 3
2026-02-22 22:55:05 - INFO - Agents.DataQueryAgent.load_data - SQL query executed successfully — 3 rows returned.
2026-02-22 22:55:05 - INFO - Agents.DataQueryAgent.query_agent - Query executed successfully.
2026-02-22 22:55:16 - INFO - root - ✅ Logging initialized for FastAPI app.
2026-02-22 22:55:17 - INFO - Agents.DataQueryAgent.query_agent - Loading data from CSV...
2026-02-22 22:55:17 - INFO - Agents.DataQueryAgent.load_data - Data loaded successfully from Datafiles/filtered.csv. Shape: (83, 130)
2026-02-22 22:55:17 - INFO - Agents.DataQueryAgent.query_agent - Data loaded successfully. Shape: (83, 130)
2026-02-22 22:55:17 - INFO - Agents.DataQueryAgent.query_agent - Generating SQL query for user request: top 3 rows
2026-02-22 22:55:17 - INFO - Mixins.llm_client - Sending request to OpenRouter model=meta-llama/llama-3.3-70b-instruct
2026-02-22 22:55:20 - INFO - Mixins.llm_client - Received response from meta-llama/llama-3.3-70b-instruct
2026-02-22 22:55:20 - INFO - Agents.DataQueryAgent.query_agent - Generated SQL: SELECT * FROM df LIMIT 3
2026-02-22 22:55:20 - INFO - Agents.DataQueryAgent.query_agent - Executing SQL query: SELECT * FROM df LIMIT 3
2026-02-22 22:55:20 - INFO - Agents.DataQueryAgent.load_data - Executing SQL query: SELECT * FROM df LIMIT 3
2026-02-22 22:55:20 - INFO - Agents.DataQueryAgent.load_data - SQL query executed successfully — 3 rows returned.
2026-02-22 22:55:20 - INFO - Agents.DataQueryAgent.query_agent - Query executed successfully.
2026-02-22 22:55:52 - INFO - Agents.DataQueryAgent.query_agent - Loading data from CSV...
2026-02-22 22:55:52 - INFO - Agents.DataQueryAgent.load_data - Data loaded successfully from Datafiles/filtered.csv. Shape: (83, 130)
2026-02-22 22:55:52 - INFO - Agents.DataQueryAgent.query_agent - Data loaded successfully. Shape: (83, 130)
2026-02-22 22:55:52 - INFO - Agents.DataQueryAgent.query_agent - Generating SQL query for user request: total leand came from Google 
2026-02-22 22:55:52 - INFO - Mixins.llm_client - Sending request to OpenRouter model=meta-llama/llama-3.3-70b-instruct
2026-02-22 22:55:55 - INFO - Mixins.llm_client - Received response from meta-llama/llama-3.3-70b-instruct
2026-02-22 22:55:55 - INFO - Agents.DataQueryAgent.query_agent - Generated SQL: SELECT COUNT(*) FROM df WHERE `Lead Source` = 'Google'
2026-02-22 22:55:55 - INFO - Agents.DataQueryAgent.query_agent - Executing SQL query: SELECT COUNT(*) FROM df WHERE `Lead Source` = 'Google'
2026-02-22 22:55:55 - INFO - Agents.DataQueryAgent.load_data - Executing SQL query: SELECT COUNT(*) FROM df WHERE `Lead Source` = 'Google'
2026-02-22 22:55:55 - ERROR - Agents.DataQueryAgent.load_data - Error executing SQL query: Parser Error: syntax error at or near "Source"

LINE 1: SELECT COUNT(*) FROM df WHERE `Lead Source` = 'Google'
                                            ^
2026-02-22 22:55:55 - INFO - Agents.DataQueryAgent.query_agent - Query executed successfully.
2026-02-22 22:59:03 - INFO - root - ✅ Logging initialized for FastAPI app.
2026-02-22 22:59:05 - INFO - Agents.DataQueryAgent.query_agent - Loading data from CSV...
2026-02-22 22:59:05 - INFO - Agents.DataQueryAgent.load_data - Data loaded successfully from Datafiles/filtered.csv. Shape: (83, 130)
2026-02-22 22:59:05 - INFO - Agents.DataQueryAgent.query_agent - Data loaded successfully. Shape: (83, 130)
2026-02-22 22:59:05 - INFO - Agents.DataQueryAgent.query_agent - Generating SQL query for user request: total leand came from Google 
2026-02-22 22:59:05 - INFO - Mixins.llm_client - Sending request to OpenRouter model=meta-llama/llama-3.3-70b-instruct
2026-02-22 22:59:07 - INFO - Mixins.llm_client - Received response from meta-llama/llama-3.3-70b-instruct
2026-02-22 22:59:07 - INFO - Agents.DataQueryAgent.query_agent - Generated SQL: SELECT COUNT(*) FROM df WHERE "Lead Source" = 'Google'
2026-02-22 22:59:07 - INFO - Agents.DataQueryAgent.query_agent - Executing SQL query: SELECT COUNT(*) FROM df WHERE "Lead Source" = 'Google'
2026-02-22 22:59:07 - INFO - Agents.DataQueryAgent.load_data - Executing SQL query: SELECT COUNT(*) FROM df WHERE "Lead Source" = 'Google'
2026-02-22 22:59:07 - INFO - Agents.DataQueryAgent.load_data - SQL query executed successfully — 1 rows returned.
2026-02-22 22:59:07 - INFO - Agents.DataQueryAgent.query_agent - Query executed successfully.
2026-02-22 22:59:34 - INFO - root - ✅ Logging initialized for FastAPI app.
2026-02-22 23:01:36 - INFO - root - ✅ Logging initialized for FastAPI app.
2026-02-22 23:02:15 - INFO - root - ✅ Logging initialized for FastAPI app.
2026-02-22 23:02:19 - INFO - root - ✅ Logging initialized for FastAPI app.
2026-02-22 23:02:41 - INFO - root - ✅ Logging initialized for FastAPI app.
2026-02-22 23:02:42 - INFO - root - ✅ Logging initialized for FastAPI app.
2026-02-22 23:03:01 - INFO - root - ✅ Logging initialized for FastAPI app.
2026-02-22 23:03:06 - INFO - root - ✅ Logging initialized for FastAPI app.
2026-02-22 23:03:08 - INFO - Agents.DataQueryAgent.query_agent - Loading data from CSV...
2026-02-22 23:03:08 - INFO - Agents.DataQueryAgent.load_data - Data loaded successfully from Datafiles/filtered.csv. Shape: (83, 130)
2026-02-22 23:03:08 - INFO - Agents.DataQueryAgent.query_agent - Data loaded successfully. Shape: (83, 130)
2026-02-22 23:03:08 - INFO - Agents.DataQueryAgent.query_agent - Generating SQL query for user request: total leand came from Google 
2026-02-22 23:03:08 - INFO - Mixins.llm_client - Sending request to OpenRouter model=meta-llama/llama-3.3-70b-instruct
2026-02-22 23:03:10 - INFO - Mixins.llm_client - Received response from meta-llama/llama-3.3-70b-instruct
2026-02-22 23:03:10 - INFO - Agents.DataQueryAgent.query_agent - Generated SQL: SELECT COUNT(*) FROM df WHERE "Lead Source" = 'Google'
2026-02-22 23:03:10 - INFO - Agents.DataQueryAgent.query_agent - Executing SQL query: SELECT COUNT(*) FROM df WHERE "Lead Source" = 'Google'
2026-02-22 23:03:10 - INFO - Agents.DataQueryAgent.load_data - Executing SQL query: SELECT COUNT(*) FROM df WHERE "Lead Source" = 'Google'
2026-02-22 23:03:10 - INFO - Agents.DataQueryAgent.load_data - SQL query executed successfully — 1 rows returned.
2026-02-22 23:03:10 - INFO - Agents.DataQueryAgent.query_agent - Query executed successfully.
2026-02-22 23:04:00 - INFO - root - ✅ Logging initialized for FastAPI app.
2026-02-22 23:04:01 - INFO - Agents.DataQueryAgent.query_agent - Loading data from CSV...
2026-02-22 23:04:01 - INFO - Agents.DataQueryAgent.load_data - Data loaded successfully from Datafiles/filtered.csv. Shape: (83, 130)
2026-02-22 23:04:01 - INFO - Agents.DataQueryAgent.query_agent - Data loaded successfully. Shape: (83, 130)
2026-02-22 23:04:01 - INFO - Agents.DataQueryAgent.query_agent - Generating SQL query for user request: total leand came from Google 
2026-02-22 23:04:01 - INFO - Mixins.llm_client - Sending request to OpenRouter model=meta-llama/llama-3.3-70b-instruct
2026-02-22 23:04:02 - INFO - Mixins.llm_client - Received response from meta-llama/llama-3.3-70b-instruct
2026-02-22 23:04:02 - INFO - Agents.DataQueryAgent.query_agent - Generated SQL: SELECT COUNT(*) FROM df WHERE "Lead Source" = 'Google'
2026-02-22 23:04:02 - INFO - Agents.DataQueryAgent.query_agent - Executing SQL query: SELECT COUNT(*) FROM df WHERE "Lead Source" = 'Google'
2026-02-22 23:04:02 - INFO - Agents.DataQueryAgent.load_data - Executing SQL query: SELECT COUNT(*) FROM df WHERE "Lead Source" = 'Google'
2026-02-22 23:04:02 - INFO - Agents.DataQueryAgent.load_data - SQL query executed successfully — 1 rows returned.
2026-02-22 23:04:02 - INFO - Agents.DataQueryAgent.query_agent - Query executed successfully.
2026-02-22 23:04:40 - INFO - root - ✅ Logging initialized for FastAPI app.
2026-02-22 23:05:00 - INFO - Agents.DataQueryAgent.query_agent - Loading data from CSV...
2026-02-22 23:05:00 - INFO - Agents.DataQueryAgent.load_data - Data loaded successfully from Datafiles/filtered.csv. Shape: (83, 130)
2026-02-22 23:05:00 - INFO - Agents.DataQueryAgent.query_agent - Data loaded successfully. Shape: (83, 130)
2026-02-22 23:05:00 - INFO - Agents.DataQueryAgent.query_agent - Generating SQL query for user request: total leand came from Google 
2026-02-22 23:05:00 - INFO - Mixins.llm_client - Sending request to OpenRouter model=meta-llama/llama-3.3-70b-instruct
2026-02-22 23:05:06 - INFO - Mixins.llm_client - Received response from meta-llama/llama-3.3-70b-instruct
2026-02-22 23:05:06 - INFO - Agents.DataQueryAgent.query_agent - Generated SQL: SELECT COUNT(*) FROM df WHERE "Lead Source" = 'Google'
2026-02-22 23:05:06 - INFO - Agents.DataQueryAgent.query_agent - Executing SQL query: SELECT COUNT(*) FROM df WHERE "Lead Source" = 'Google'
2026-02-22 23:05:06 - INFO - Agents.DataQueryAgent.load_data - Executing SQL query: SELECT COUNT(*) FROM df WHERE "Lead Source" = 'Google'
2026-02-22 23:05:06 - INFO - Agents.DataQueryAgent.load_data - SQL query executed successfully — 1 rows returned.
2026-02-22 23:05:06 - INFO - Agents.DataQueryAgent.query_agent - Query executed successfully.
2026-02-22 23:05:06 - INFO - Mixins.llm_client - Sending request to OpenRouter model=meta-llama/llama-3.3-70b-instruct
2026-02-22 23:05:08 - INFO - Mixins.llm_client - Received response from meta-llama/llama-3.3-70b-instruct
2026-02-22 23:05:40 - INFO - Agents.DataQueryAgent.query_agent - Loading data from CSV...
2026-02-22 23:05:40 - INFO - Agents.DataQueryAgent.load_data - Data loaded successfully from Datafiles/filtered.csv. Shape: (83, 130)
2026-02-22 23:05:40 - INFO - Agents.DataQueryAgent.query_agent - Data loaded successfully. Shape: (83, 130)
2026-02-22 23:05:40 - INFO - Agents.DataQueryAgent.query_agent - Generating SQL query for user request: total leads who work in Mumbai 
2026-02-22 23:05:40 - INFO - Mixins.llm_client - Sending request to OpenRouter model=meta-llama/llama-3.3-70b-instruct
2026-02-22 23:05:42 - INFO - Mixins.llm_client - Received response from meta-llama/llama-3.3-70b-instruct
2026-02-22 23:05:42 - INFO - Agents.DataQueryAgent.query_agent - Generated SQL: SELECT COUNT(*) FROM df WHERE "City" = 'Mumbai'
2026-02-22 23:05:42 - INFO - Agents.DataQueryAgent.query_agent - Executing SQL query: SELECT COUNT(*) FROM df WHERE "City" = 'Mumbai'
2026-02-22 23:05:42 - INFO - Agents.DataQueryAgent.load_data - Executing SQL query: SELECT COUNT(*) FROM df WHERE "City" = 'Mumbai'
2026-02-22 23:05:42 - INFO - Agents.DataQueryAgent.load_data - SQL query executed successfully — 1 rows returned.
2026-02-22 23:05:42 - INFO - Agents.DataQueryAgent.query_agent - Query executed successfully.
2026-02-22 23:05:42 - INFO - Mixins.llm_client - Sending request to OpenRouter model=meta-llama/llama-3.3-70b-instruct
2026-02-22 23:05:44 - INFO - Mixins.llm_client - Received response from meta-llama/llama-3.3-70b-instruct
2026-02-22 23:06:06 - INFO - Agents.DataQueryAgent.query_agent - Loading data from CSV...
2026-02-22 23:06:06 - INFO - Agents.DataQueryAgent.load_data - Data loaded successfully from Datafiles/filtered.csv. Shape: (83, 130)
2026-02-22 23:06:06 - INFO - Agents.DataQueryAgent.query_agent - Data loaded successfully. Shape: (83, 130)
2026-02-22 23:06:06 - INFO - Agents.DataQueryAgent.query_agent - Generating SQL query for user request: total leads who work in university 
2026-02-22 23:06:06 - INFO - Mixins.llm_client - Sending request to OpenRouter model=meta-llama/llama-3.3-70b-instruct
2026-02-22 23:06:09 - INFO - Mixins.llm_client - Received response from meta-llama/llama-3.3-70b-instruct
2026-02-22 23:06:09 - INFO - Agents.DataQueryAgent.query_agent - Generated SQL: SELECT COUNT(*) FROM df WHERE "Company" LIKE '%University%'
2026-02-22 23:06:09 - INFO - Agents.DataQueryAgent.query_agent - Executing SQL query: SELECT COUNT(*) FROM df WHERE "Company" LIKE '%University%'
2026-02-22 23:06:09 - INFO - Agents.DataQueryAgent.load_data - Executing SQL query: SELECT COUNT(*) FROM df WHERE "Company" LIKE '%University%'
2026-02-22 23:06:09 - INFO - Agents.DataQueryAgent.load_data - SQL query executed successfully — 1 rows returned.
2026-02-22 23:06:09 - INFO - Agents.DataQueryAgent.query_agent - Query executed successfully.
2026-02-22 23:06:09 - INFO - Mixins.llm_client - Sending request to OpenRouter model=meta-llama/llama-3.3-70b-instruct
2026-02-22 23:06:13 - INFO - Mixins.llm_client - Received response from meta-llama/llama-3.3-70b-instruct
2026-02-22 23:10:34 - INFO - Agents.DataQueryAgent.query_agent - Loading data from CSV...
2026-02-22 23:10:34 - INFO - Agents.DataQueryAgent.load_data - Data loaded successfully from Datafiles/filtered.csv. Shape: (83, 130)
2026-02-22 23:10:34 - INFO - Agents.DataQueryAgent.query_agent - Data loaded successfully. Shape: (83, 130)
2026-02-22 23:10:34 - INFO - Agents.DataQueryAgent.query_agent - Generating SQL query for user request: first row
2026-02-22 23:10:34 - INFO - Mixins.llm_client - Sending request to OpenRouter model=meta-llama/llama-3.3-70b-instruct
2026-02-22 23:10:35 - INFO - Mixins.llm_client - Received response from meta-llama/llama-3.3-70b-instruct
2026-02-22 23:10:35 - INFO - Agents.DataQueryAgent.query_agent - Generated SQL: SELECT * FROM df LIMIT 1
2026-02-22 23:10:35 - INFO - Agents.DataQueryAgent.query_agent - Executing SQL query: SELECT * FROM df LIMIT 1
2026-02-22 23:10:35 - INFO - Agents.DataQueryAgent.load_data - Executing SQL query: SELECT * FROM df LIMIT 1
2026-02-22 23:10:35 - INFO - Agents.DataQueryAgent.load_data - SQL query executed successfully — 1 rows returned.
2026-02-22 23:10:35 - INFO - Agents.DataQueryAgent.query_agent - Query executed successfully.
2026-02-22 23:10:35 - INFO - Mixins.llm_client - Sending request to OpenRouter model=meta-llama/llama-3.3-70b-instruct
2026-02-22 23:10:37 - INFO - Mixins.llm_client - Received response from meta-llama/llama-3.3-70b-instruct
2026-02-22 23:11:29 - INFO - root - ✅ Logging initialized for FastAPI app.
2026-02-22 23:12:26 - INFO - root - ✅ Logging initialized for FastAPI app.
2026-02-22 23:12:32 - INFO - root - ✅ Logging initialized for FastAPI app.
2026-02-22 23:12:42 - INFO - root - ✅ Logging initialized for FastAPI app.
2026-02-22 23:13:13 - INFO - root - ✅ Logging initialized for FastAPI app.
2026-02-22 23:13:16 - INFO - root - ✅ Logging initialized for FastAPI app.
2026-02-22 23:13:52 - INFO - root - ✅ Logging initialized for FastAPI app.
2026-02-22 23:13:55 - INFO - Agents.DataQueryAgent.query_agent - Loading data from CSV...
2026-02-22 23:13:55 - INFO - Agents.DataQueryAgent.load_data - Data loaded successfully from Datafiles/filtered.csv. Shape: (83, 130)
2026-02-22 23:13:55 - INFO - Agents.DataQueryAgent.query_agent - Data loaded successfully. Shape: (83, 130)
2026-02-22 23:13:55 - INFO - Agents.DataQueryAgent.query_agent - Generating SQL query for user request: first row
2026-02-22 23:13:55 - INFO - Mixins.llm_client - Sending request to OpenRouter model=meta-llama/llama-3.3-70b-instruct
2026-02-22 23:13:58 - INFO - Mixins.llm_client - Received response from meta-llama/llama-3.3-70b-instruct
2026-02-22 23:13:58 - INFO - Agents.DataQueryAgent.query_agent - Generated SQL: SELECT * FROM df LIMIT 1
2026-02-22 23:13:58 - INFO - Agents.DataQueryAgent.query_agent - Executing SQL query: SELECT * FROM df LIMIT 1
2026-02-22 23:13:58 - INFO - Agents.DataQueryAgent.load_data - Executing SQL query: SELECT * FROM df LIMIT 1
2026-02-22 23:13:58 - INFO - Agents.DataQueryAgent.load_data - SQL query executed successfully — 1 rows returned.
2026-02-22 23:13:58 - INFO - Agents.DataQueryAgent.query_agent - Query executed successfully.
2026-02-22 23:13:58 - INFO - Mixins.llm_client - Sending request to OpenRouter model=meta-llama/llama-3.3-70b-instruct
2026-02-22 23:14:06 - INFO - Mixins.llm_client - Received response from meta-llama/llama-3.3-70b-instruct
2026-02-22 23:14:45 - INFO - root - ✅ Logging initialized for FastAPI app.
2026-02-22 23:14:57 - INFO - root - ✅ Logging initialized for FastAPI app.
2026-02-22 23:14:59 - INFO - root - ✅ Logging initialized for FastAPI app.
2026-02-22 23:15:08 - INFO - root - ✅ Logging initialized for FastAPI app.
2026-02-22 23:15:08 - INFO - Agents.DataQueryAgent.query_agent - Loading data from CSV...
2026-02-22 23:15:08 - INFO - Agents.DataQueryAgent.load_data - Data loaded successfully from Datafiles/filtered.csv. Shape: (83, 130)
2026-02-22 23:15:08 - INFO - Agents.DataQueryAgent.query_agent - Data loaded successfully. Shape: (83, 130)
2026-02-22 23:15:08 - INFO - Agents.DataQueryAgent.query_agent - Generating SQL query for user request: first row
2026-02-22 23:15:08 - INFO - Mixins.llm_client - Sending request to OpenRouter model=meta-llama/llama-3.3-70b-instruct
2026-02-22 23:15:10 - INFO - Mixins.llm_client - Received response from meta-llama/llama-3.3-70b-instruct
2026-02-22 23:15:10 - INFO - Agents.DataQueryAgent.query_agent - Generated SQL: SELECT * FROM df LIMIT 1
2026-02-22 23:15:10 - INFO - Agents.DataQueryAgent.query_agent - Executing SQL query: SELECT * FROM df LIMIT 1
2026-02-22 23:15:10 - INFO - Agents.DataQueryAgent.load_data - Executing SQL query: SELECT * FROM df LIMIT 1
2026-02-22 23:15:10 - INFO - Agents.DataQueryAgent.load_data - SQL query executed successfully — 1 rows returned.
2026-02-22 23:15:10 - INFO - Agents.DataQueryAgent.query_agent - Query executed successfully.
2026-02-22 23:15:10 - INFO - Mixins.llm_client - Sending request to OpenRouter model=meta-llama/llama-3.3-70b-instruct
2026-02-22 23:15:13 - INFO - Mixins.llm_client - Received response from meta-llama/llama-3.3-70b-instruct
2026-02-22 23:16:55 - INFO - Agents.DataQueryAgent.query_agent - Loading data from CSV...
2026-02-22 23:16:55 - INFO - Agents.DataQueryAgent.load_data - Data loaded successfully from Datafiles/filtered.csv. Shape: (83, 130)
2026-02-22 23:16:55 - INFO - Agents.DataQueryAgent.query_agent - Data loaded successfully. Shape: (83, 130)
2026-02-22 23:16:55 - INFO - Agents.DataQueryAgent.query_agent - Generating SQL query for user request: top 2 row
2026-02-22 23:16:55 - INFO - Mixins.llm_client - Sending request to OpenRouter model=meta-llama/llama-3.3-70b-instruct
2026-02-22 23:17:00 - INFO - Mixins.llm_client - Received response from meta-llama/llama-3.3-70b-instruct
2026-02-22 23:17:00 - INFO - Agents.DataQueryAgent.query_agent - Generated SQL: SELECT * FROM df LIMIT 2
2026-02-22 23:17:00 - INFO - Agents.DataQueryAgent.query_agent - Executing SQL query: SELECT * FROM df LIMIT 2
2026-02-22 23:17:00 - INFO - Agents.DataQueryAgent.load_data - Executing SQL query: SELECT * FROM df LIMIT 2
2026-02-22 23:17:00 - INFO - Agents.DataQueryAgent.load_data - SQL query executed successfully — 2 rows returned.
2026-02-22 23:17:00 - INFO - Agents.DataQueryAgent.query_agent - Query executed successfully.
2026-02-22 23:17:00 - INFO - Mixins.llm_client - Sending request to OpenRouter model=meta-llama/llama-3.3-70b-instruct
2026-02-22 23:17:06 - INFO - Mixins.llm_client - Received response from meta-llama/llama-3.3-70b-instruct
2026-02-22 23:20:40 - INFO - root - ✅ Logging initialized for FastAPI app.
2026-02-22 23:21:30 - INFO - root - ✅ Logging initialized for FastAPI app.
2026-02-22 23:21:35 - INFO - root - ✅ Logging initialized for FastAPI app.
2026-02-22 23:23:31 - INFO - root - ✅ Logging initialized for FastAPI app.
2026-02-22 23:23:43 - INFO - root - ✅ Logging initialized for FastAPI app.
2026-02-22 23:24:00 - INFO - root - ✅ Logging initialized for FastAPI app.
2026-02-22 23:24:28 - INFO - root - ✅ Logging initialized for FastAPI app.
2026-02-22 23:24:36 - INFO - root - ✅ Logging initialized for FastAPI app.
2026-02-22 23:24:40 - INFO - root - ✅ Logging initialized for FastAPI app.
2026-02-22 23:24:46 - INFO - root - ✅ Logging initialized for FastAPI app.
2026-02-22 23:24:54 - INFO - root - ✅ Logging initialized for FastAPI app.
2026-02-22 23:24:58 - INFO - root - ✅ Logging initialized for FastAPI app.
2026-02-22 23:25:06 - INFO - Utils.data_processor - Successfully loaded first CSV from Datafiles/Leads.csv
2026-02-22 23:25:06 - INFO - Utils.data_processor - Successfully loaded second CSV from Datafiles/Leads.csv
2026-02-22 23:25:06 - INFO - Utils.data_processor - DataFrames merged successfully on 'Lead Number' column.
2026-02-22 23:25:06 - ERROR - Utils.data_processor - Required column missing during filtering: ['Company']
2026-02-22 23:25:06 - ERROR - API.main - Error while refreshing data: ['Company']
Traceback (most recent call last):
  File "/work/Projects/Hiring_Asg/Ema/SDR_Agent/API/main.py", line 42, in refresh_data
    filtered_df = data_processor.get_filter_data()
                  ^^^^^^^^^^^^^^^^^^^^^^^^^^^^^^^^
  File "/work/Projects/Hiring_Asg/Ema/SDR_Agent/Utils/data_processor.py", line 99, in get_filter_data
    filtered_df = filtered_df.dropna(subset=["Company"])
                  ^^^^^^^^^^^^^^^^^^^^^^^^^^^^^^^^^^^^^^
  File "/work/Projects/Hiring_Asg/venv312/lib/python3.12/site-packages/pandas/core/frame.py", line 7789, in dropna
    raise KeyError(np.array(subset)[check].tolist())
KeyError: ['Company']
2026-02-22 23:25:50 - INFO - root - ✅ Logging initialized for FastAPI app.
2026-02-22 23:25:52 - INFO - root - ✅ Logging initialized for FastAPI app.
2026-02-22 23:25:52 - INFO - Utils.data_processor - Successfully loaded first CSV from Datafiles/Leads.csv
2026-02-22 23:25:52 - INFO - Utils.data_processor - Successfully loaded second CSV from Datafiles/SampleData.csv
2026-02-22 23:25:52 - INFO - Utils.data_processor - DataFrames merged successfully on 'Lead Number' column.
2026-02-22 23:25:52 - INFO - Utils.data_processor - Dropped 0 columns exceeding 60% missing threshold.
2026-02-22 23:25:52 - INFO - Utils.data_processor - Final processed DataFrame shape: (83, 130)
2026-02-22 23:25:52 - INFO - Utils.data_processor - DataFrame successfully saved to Datafiles/filtered_leads.csv
2026-02-22 23:25:52 - INFO - API.main - Data refreshed successfully.
2026-02-22 23:26:46 - INFO - root - ✅ Logging initialized for FastAPI app.
2026-02-22 23:26:51 - INFO - Utils.data_processor - Successfully loaded first CSV from Datafiles/Leads.csv
2026-02-22 23:26:51 - INFO - Utils.data_processor - Successfully loaded second CSV from Datafiles/SampleData.csv
2026-02-22 23:26:51 - INFO - Utils.data_processor - DataFrames merged successfully on 'Lead Number' column.
2026-02-22 23:26:51 - INFO - Utils.data_processor - Dropped 0 columns exceeding 60% missing threshold.
2026-02-22 23:26:51 - INFO - Utils.data_processor - Final processed DataFrame shape: (83, 130)
2026-02-22 23:26:51 - INFO - Utils.data_processor - DataFrame successfully saved to Datafiles/filtered_leads.csv
2026-02-22 23:26:51 - INFO - API.main - Data refreshed successfully.
2026-02-22 23:26:54 - INFO - Agents.DataQueryAgent.query_agent - Loading data from CSV...
2026-02-22 23:26:54 - INFO - Agents.DataQueryAgent.load_data - Data loaded successfully from Datafiles/filtered_leads.csv. Shape: (83, 130)
2026-02-22 23:26:54 - INFO - Agents.DataQueryAgent.query_agent - Data loaded successfully. Shape: (83, 130)
2026-02-22 23:26:54 - INFO - Agents.DataQueryAgent.query_agent - Generating SQL query for user request: top 2 row
2026-02-22 23:26:54 - INFO - Mixins.llm_client - Sending request to OpenRouter model=meta-llama/llama-3.3-70b-instruct
2026-02-22 23:26:58 - INFO - Mixins.llm_client - Received response from meta-llama/llama-3.3-70b-instruct
2026-02-22 23:26:58 - INFO - Agents.DataQueryAgent.query_agent - Generated SQL: SELECT * FROM df LIMIT 2
2026-02-22 23:26:58 - INFO - Agents.DataQueryAgent.query_agent - Executing SQL query: SELECT * FROM df LIMIT 2
2026-02-22 23:26:58 - INFO - Agents.DataQueryAgent.load_data - Executing SQL query: SELECT * FROM df LIMIT 2
2026-02-22 23:26:58 - INFO - Agents.DataQueryAgent.load_data - SQL query executed successfully — 2 rows returned.
2026-02-22 23:26:58 - INFO - Agents.DataQueryAgent.query_agent - Query executed successfully.
2026-02-22 23:26:58 - INFO - Mixins.llm_client - Sending request to OpenRouter model=meta-llama/llama-3.3-70b-instruct
2026-02-22 23:27:06 - INFO - Mixins.llm_client - Received response from meta-llama/llama-3.3-70b-instruct
2026-02-22 23:27:20 - INFO - root - ✅ Logging initialized for FastAPI app.
2026-02-22 23:27:22 - INFO - Utils.data_processor - Successfully loaded first CSV from Datafiles/Leads.csv
2026-02-22 23:27:22 - INFO - Utils.data_processor - Successfully loaded second CSV from Datafiles/SampleData.csv
2026-02-22 23:27:22 - INFO - Utils.data_processor - DataFrames merged successfully on 'Lead Number' column.
2026-02-22 23:27:22 - INFO - Utils.data_processor - Dropped 42 columns exceeding 45% missing threshold.
2026-02-22 23:27:22 - INFO - Utils.data_processor - Columns dropped: ['Mobile Number', 'Website', 'Time Zone', 'Job Title', 'Order Value', 'Address 1', 'Address 2', 'Zip', 'Facebook URL', 'Twitter URL', 'LinkedIn URL', 'Industry', 'Work Area', 'Course Interested', 'Keyword', 'Date', 'Next Follow Up', 'Any other Please specify', 'Chat Group', 'ecode', 'amt', 'eventname', 'Enquiry Type', 'What attracted you to consider SomeSchool ', 'Landing Page', 'Lead Type', 'Source Referrer', 'Photo Url', 'Stage Rotting Flag Status', 'Stage Rotting Flag Message', 'Stage Rotting Flag Modification Date', 'Stage Rotting Flag Additional Info', 'Stage Rotting Flag Level', 'Mailing Preferences', 'Twitter Id', 'Facebook Id', 'LinkedIn Id', 'Skype Id', 'Gtalk Id', 'Google Plus Id', 'Quality Score 01', 'Groups']
2026-02-22 23:27:22 - INFO - Utils.data_processor - Final processed DataFrame shape: (83, 88)
2026-02-22 23:27:22 - INFO - Utils.data_processor - DataFrame successfully saved to Datafiles/filtered_leads.csv
2026-02-22 23:27:22 - INFO - API.main - Data refreshed successfully.
2026-02-22 23:27:30 - INFO - Agents.DataQueryAgent.query_agent - Loading data from CSV...
2026-02-22 23:27:30 - INFO - Agents.DataQueryAgent.load_data - Data loaded successfully from Datafiles/filtered_leads.csv. Shape: (83, 88)
2026-02-22 23:27:30 - INFO - Agents.DataQueryAgent.query_agent - Data loaded successfully. Shape: (83, 88)
2026-02-22 23:27:30 - INFO - Agents.DataQueryAgent.query_agent - Generating SQL query for user request: top 2 row
2026-02-22 23:27:30 - INFO - Mixins.llm_client - Sending request to OpenRouter model=meta-llama/llama-3.3-70b-instruct
2026-02-22 23:27:33 - INFO - Mixins.llm_client - Received response from meta-llama/llama-3.3-70b-instruct
2026-02-22 23:27:33 - INFO - Agents.DataQueryAgent.query_agent - Generated SQL: SELECT * FROM df LIMIT 2
2026-02-22 23:27:33 - INFO - Agents.DataQueryAgent.query_agent - Executing SQL query: SELECT * FROM df LIMIT 2
2026-02-22 23:27:33 - INFO - Agents.DataQueryAgent.load_data - Executing SQL query: SELECT * FROM df LIMIT 2
2026-02-22 23:27:33 - INFO - Agents.DataQueryAgent.load_data - SQL query executed successfully — 2 rows returned.
2026-02-22 23:27:33 - INFO - Agents.DataQueryAgent.query_agent - Query executed successfully.
2026-02-22 23:27:33 - INFO - Mixins.llm_client - Sending request to OpenRouter model=meta-llama/llama-3.3-70b-instruct
2026-02-22 23:27:41 - INFO - Mixins.llm_client - Received response from meta-llama/llama-3.3-70b-instruct
2026-02-22 23:33:17 - INFO - root - ✅ Logging initialized for FastAPI app.
2026-02-22 23:33:19 - INFO - Agents.DataQueryAgent.query_agent - Loading data from CSV...
2026-02-22 23:33:19 - INFO - Agents.DataQueryAgent.load_data - Data loaded successfully from Datafiles/filtered_leads.csv. Shape: (83, 88)
2026-02-22 23:33:19 - INFO - Agents.DataQueryAgent.query_agent - Data loaded successfully. Shape: (83, 88)
2026-02-22 23:33:19 - INFO - Agents.DataQueryAgent.query_agent - Generating SQL query for user request: top 2 row
2026-02-22 23:33:19 - INFO - Mixins.llm_client - Sending request to OpenRouter model=meta-llama/llama-3.3-70b-instruct
2026-02-22 23:33:25 - INFO - Mixins.llm_client - Received response from meta-llama/llama-3.3-70b-instruct
2026-02-22 23:33:25 - INFO - Agents.DataQueryAgent.query_agent - Generated SQL: SELECT * FROM df LIMIT 2
2026-02-22 23:33:25 - INFO - Agents.DataQueryAgent.query_agent - Executing SQL query: SELECT * FROM df LIMIT 2
2026-02-22 23:33:25 - INFO - Agents.DataQueryAgent.load_data - Executing SQL query: SELECT * FROM df LIMIT 2
2026-02-22 23:33:25 - INFO - Agents.DataQueryAgent.load_data - SQL query executed successfully — 2 rows returned.
2026-02-22 23:33:25 - INFO - Agents.DataQueryAgent.query_agent - Query executed successfully.
2026-02-22 23:33:25 - INFO - Mixins.llm_client - Sending request to OpenRouter model=meta-llama/llama-3.3-70b-instruct
2026-02-22 23:33:29 - INFO - Mixins.llm_client - Received response from meta-llama/llama-3.3-70b-instruct
2026-02-22 23:37:29 - INFO - root - ✅ Logging initialized for FastAPI app.
2026-02-22 23:37:30 - INFO - root - ✅ Logging initialized for FastAPI app.
2026-02-22 23:37:30 - INFO - Agents.DataQueryAgent.query_agent - Loading data from CSV...
2026-02-22 23:37:30 - INFO - Agents.DataQueryAgent.load_data - Data loaded successfully from Datafiles/filtered_leads.csv. Shape: (83, 88)
2026-02-22 23:37:30 - INFO - Agents.DataQueryAgent.query_agent - Data loaded successfully. Shape: (83, 88)
2026-02-22 23:37:30 - INFO - Agents.DataQueryAgent.query_agent - Generating SQL query for user request: top 2 row
2026-02-22 23:37:30 - INFO - Mixins.llm_client - Sending request to OpenRouter model=meta-llama/llama-3.3-70b-instruct
2026-02-22 23:37:35 - INFO - Mixins.llm_client - Received response from meta-llama/llama-3.3-70b-instruct
2026-02-22 23:37:35 - INFO - Agents.DataQueryAgent.query_agent - Generated SQL: SELECT * FROM df LIMIT 2
2026-02-22 23:37:35 - INFO - Agents.DataQueryAgent.query_agent - Executing SQL query: SELECT * FROM df LIMIT 2
2026-02-22 23:37:35 - INFO - Agents.DataQueryAgent.load_data - Executing SQL query: SELECT * FROM df LIMIT 2
2026-02-22 23:37:35 - INFO - Agents.DataQueryAgent.load_data - SQL query executed successfully — 2 rows returned.
2026-02-22 23:37:35 - INFO - Agents.DataQueryAgent.query_agent - Query executed successfully.
2026-02-22 23:37:35 - INFO - Mixins.llm_client - Sending request to OpenRouter model=meta-llama/llama-3.3-70b-instruct
2026-02-22 23:37:38 - INFO - Mixins.llm_client - Received response from meta-llama/llama-3.3-70b-instruct
2026-02-22 23:38:38 - INFO - root - ✅ Logging initialized for FastAPI app.
2026-02-22 23:38:41 - INFO - root - ✅ Logging initialized for FastAPI app.
2026-02-22 23:38:51 - INFO - root - ✅ Logging initialized for FastAPI app.
2026-02-22 23:38:52 - INFO - Agents.DataQueryAgent.query_agent - Loading data from CSV...
2026-02-22 23:38:52 - INFO - Agents.DataQueryAgent.load_data - Data loaded successfully from Datafiles/filtered_leads.csv. Shape: (83, 88)
2026-02-22 23:38:52 - INFO - Agents.DataQueryAgent.query_agent - Data loaded successfully. Shape: (83, 88)
2026-02-22 23:38:52 - INFO - Agents.DataQueryAgent.query_agent - Generating SQL query for user request: top 2 row
2026-02-22 23:38:52 - INFO - Mixins.llm_client - Sending request to OpenRouter model=meta-llama/llama-3.3-70b-instruct
2026-02-22 23:38:54 - INFO - Mixins.llm_client - Received response from meta-llama/llama-3.3-70b-instruct in 2.58 seconds
2026-02-22 23:38:54 - INFO - Agents.DataQueryAgent.query_agent - Generated SQL: SELECT * FROM df LIMIT 2
2026-02-22 23:38:54 - INFO - Agents.DataQueryAgent.query_agent - Executing SQL query: SELECT * FROM df LIMIT 2
2026-02-22 23:38:54 - INFO - Agents.DataQueryAgent.load_data - Executing SQL query: SELECT * FROM df LIMIT 2
2026-02-22 23:38:54 - INFO - Agents.DataQueryAgent.load_data - SQL query executed successfully — 2 rows returned.
2026-02-22 23:38:54 - INFO - Agents.DataQueryAgent.query_agent - Query executed successfully.
2026-02-22 23:38:54 - INFO - Mixins.llm_client - Sending request to OpenRouter model=meta-llama/llama-3.3-70b-instruct
2026-02-22 23:38:58 - INFO - Mixins.llm_client - Received response from meta-llama/llama-3.3-70b-instruct in 3.46 seconds
2026-02-22 23:51:09 - INFO - root - ✅ Logging initialized for FastAPI app.
2026-02-22 23:53:28 - INFO - root - ✅ Logging initialized for FastAPI app.
2026-02-22 23:53:31 - INFO - root - ✅ Logging initialized for FastAPI app.
2026-02-22 23:53:52 - INFO - root - ✅ Logging initialized for FastAPI app.
2026-02-22 23:56:24 - INFO - root - ✅ Logging initialized for FastAPI app.
2026-02-22 23:56:31 - INFO - root - ✅ Logging initialized for FastAPI app.
2026-02-22 23:58:59 - INFO - root - ✅ Logging initialized for FastAPI app.
2026-02-22 23:59:04 - INFO - root - ✅ Logging initialized for FastAPI app.
2026-02-22 23:59:10 - INFO - root - ✅ Logging initialized for FastAPI app.
2026-02-22 23:59:20 - INFO - root - ✅ Logging initialized for FastAPI app.
2026-02-23 00:01:10 - INFO - root - ✅ Logging initialized for FastAPI app.
2026-02-23 00:01:14 - INFO - Agents.DataQueryAgent.query_agent - Loading data from CSV...
2026-02-23 00:01:14 - INFO - Agents.DataQueryAgent.load_data - Data loaded successfully from Datafiles/filtered_leads.csv. Shape: (83, 88)
2026-02-23 00:01:14 - INFO - Agents.DataQueryAgent.query_agent - Data loaded successfully. Shape: (83, 88)
2026-02-23 00:01:14 - INFO - Agents.DataQueryAgent.query_agent - Generating SQL query for user request: top 2 row
2026-02-23 00:01:14 - INFO - Mixins.llm_client - Sending request to OpenRouter model=meta-llama/llama-3.3-70b-instruct
2026-02-23 00:01:15 - INFO - Mixins.llm_client - Received response from meta-llama/llama-3.3-70b-instruct in 1.05 seconds
2026-02-23 00:01:15 - INFO - Agents.DataQueryAgent.query_agent - Generated SQL: SELECT * FROM df LIMIT 2
2026-02-23 00:01:15 - INFO - Agents.DataQueryAgent.query_agent - Executing SQL query: SELECT * FROM df LIMIT 2
2026-02-23 00:01:15 - INFO - Agents.DataQueryAgent.load_data - Executing SQL query: SELECT * FROM df LIMIT 2
2026-02-23 00:01:15 - INFO - Agents.DataQueryAgent.load_data - SQL query executed successfully — 2 rows returned.
2026-02-23 00:01:15 - INFO - Agents.DataQueryAgent.query_agent - Query executed successfully.
2026-02-23 00:01:15 - INFO - Mixins.llm_client - Sending request to OpenRouter model=meta-llama/llama-3.3-70b-instruct
2026-02-23 00:01:18 - INFO - Mixins.llm_client - Received response from meta-llama/llama-3.3-70b-instruct in 2.34 seconds
2026-02-23 00:02:04 - INFO - root - ✅ Logging initialized for FastAPI app.
2026-02-23 00:02:06 - INFO - Agents.DataQueryAgent.query_agent - Loading data from CSV...
2026-02-23 00:02:06 - INFO - Agents.DataQueryAgent.load_data - Data loaded successfully from Datafiles/filtered_leads.csv. Shape: (83, 88)
2026-02-23 00:02:06 - INFO - Agents.DataQueryAgent.query_agent - Data loaded successfully. Shape: (83, 88)
2026-02-23 00:02:06 - INFO - Agents.DataQueryAgent.query_agent - Generating SQL query for user request: top 2 row
2026-02-23 00:02:06 - INFO - Mixins.llm_client - Sending request to OpenRouter model=meta-llama/llama-3.3-70b-instruct
2026-02-23 00:02:08 - INFO - Mixins.llm_client - Received response from meta-llama/llama-3.3-70b-instruct in 1.95 seconds
2026-02-23 00:02:08 - INFO - Agents.DataQueryAgent.query_agent - Generated SQL: SELECT * FROM df LIMIT 2
2026-02-23 00:02:08 - INFO - Agents.DataQueryAgent.query_agent - Executing SQL query: SELECT * FROM df LIMIT 2
2026-02-23 00:02:08 - INFO - Agents.DataQueryAgent.load_data - Executing SQL query: SELECT * FROM df LIMIT 2
2026-02-23 00:02:08 - INFO - Agents.DataQueryAgent.load_data - SQL query executed successfully — 2 rows returned.
2026-02-23 00:02:08 - INFO - Agents.DataQueryAgent.query_agent - Query executed successfully.
2026-02-23 00:02:08 - INFO - Mixins.llm_client - Sending request to OpenRouter model=meta-llama/llama-3.3-70b-instruct
2026-02-23 00:02:10 - INFO - Mixins.llm_client - Received response from meta-llama/llama-3.3-70b-instruct in 1.34 seconds
2026-02-23 00:02:20 - INFO - root - ✅ Logging initialized for FastAPI app.
2026-02-23 00:02:21 - INFO - Utils.intent_classifier - 🧭 Classifying intent for: 'top 2 row'
2026-02-23 00:02:21 - ERROR - Utils.intent_classifier - Error in intent classification: '\n  "intent"'
2026-02-23 00:02:21 - INFO - Agents.DataQueryAgent.query_agent - Loading data from CSV...
2026-02-23 00:02:21 - INFO - Agents.DataQueryAgent.load_data - Data loaded successfully from Datafiles/filtered_leads.csv. Shape: (83, 88)
2026-02-23 00:02:21 - INFO - Agents.DataQueryAgent.query_agent - Data loaded successfully. Shape: (83, 88)
2026-02-23 00:02:21 - INFO - Agents.DataQueryAgent.query_agent - Generating SQL query for user request: top 2 row
2026-02-23 00:02:21 - INFO - Mixins.llm_client - Sending request to OpenRouter model=meta-llama/llama-3.3-70b-instruct
2026-02-23 00:02:22 - INFO - Mixins.llm_client - Received response from meta-llama/llama-3.3-70b-instruct in 1.44 seconds
2026-02-23 00:02:22 - INFO - Agents.DataQueryAgent.query_agent - Generated SQL: SELECT * FROM df LIMIT 2
2026-02-23 00:02:22 - INFO - Agents.DataQueryAgent.query_agent - Executing SQL query: SELECT * FROM df LIMIT 2
2026-02-23 00:02:22 - INFO - Agents.DataQueryAgent.load_data - Executing SQL query: SELECT * FROM df LIMIT 2
2026-02-23 00:02:22 - INFO - Agents.DataQueryAgent.load_data - SQL query executed successfully — 2 rows returned.
2026-02-23 00:02:22 - INFO - Agents.DataQueryAgent.query_agent - Query executed successfully.
2026-02-23 00:02:22 - INFO - Mixins.llm_client - Sending request to OpenRouter model=meta-llama/llama-3.3-70b-instruct
2026-02-23 00:02:27 - INFO - Mixins.llm_client - Received response from meta-llama/llama-3.3-70b-instruct in 4.95 seconds
2026-02-23 00:02:59 - INFO - Utils.intent_classifier - 🧭 Classifying intent for: 'send email in top 3 rows'
2026-02-23 00:02:59 - ERROR - Utils.intent_classifier - Error in intent classification: '\n  "intent"'
2026-02-23 00:02:59 - INFO - Agents.DataQueryAgent.query_agent - Loading data from CSV...
2026-02-23 00:02:59 - INFO - Agents.DataQueryAgent.load_data - Data loaded successfully from Datafiles/filtered_leads.csv. Shape: (83, 88)
2026-02-23 00:02:59 - INFO - Agents.DataQueryAgent.query_agent - Data loaded successfully. Shape: (83, 88)
2026-02-23 00:02:59 - INFO - Agents.DataQueryAgent.query_agent - Generating SQL query for user request: send email in top 3 rows
2026-02-23 00:02:59 - INFO - Mixins.llm_client - Sending request to OpenRouter model=meta-llama/llama-3.3-70b-instruct
2026-02-23 00:03:00 - INFO - Mixins.llm_client - Received response from meta-llama/llama-3.3-70b-instruct in 1.50 seconds
2026-02-23 00:03:00 - INFO - Agents.DataQueryAgent.query_agent - Generated SQL: SELECT * FROM df LIMIT 3
2026-02-23 00:03:00 - INFO - Agents.DataQueryAgent.query_agent - Executing SQL query: SELECT * FROM df LIMIT 3
2026-02-23 00:03:00 - INFO - Agents.DataQueryAgent.load_data - Executing SQL query: SELECT * FROM df LIMIT 3
2026-02-23 00:03:00 - INFO - Agents.DataQueryAgent.load_data - SQL query executed successfully — 3 rows returned.
2026-02-23 00:03:00 - INFO - Agents.DataQueryAgent.query_agent - Query executed successfully.
2026-02-23 00:03:00 - INFO - Mixins.llm_client - Sending request to OpenRouter model=meta-llama/llama-3.3-70b-instruct
2026-02-23 00:03:04 - INFO - Mixins.llm_client - Received response from meta-llama/llama-3.3-70b-instruct in 3.36 seconds
2026-02-23 00:03:29 - INFO - root - ✅ Logging initialized for FastAPI app.
2026-02-23 00:03:30 - INFO - Utils.intent_classifier - 🧭 Classifying intent for: 'send email in top 3 rows'
2026-02-23 00:03:30 - ERROR - Utils.intent_classifier - Error in intent classification: '\n  "intent"'
2026-02-23 00:03:30 - INFO - Agents.DataQueryAgent.query_agent - Loading data from CSV...
2026-02-23 00:03:30 - INFO - Agents.DataQueryAgent.load_data - Data loaded successfully from Datafiles/filtered_leads.csv. Shape: (83, 88)
2026-02-23 00:03:30 - INFO - Agents.DataQueryAgent.query_agent - Data loaded successfully. Shape: (83, 88)
2026-02-23 00:03:30 - INFO - Agents.DataQueryAgent.query_agent - Generating SQL query for user request: send email in top 3 rows
2026-02-23 00:03:30 - INFO - Mixins.llm_client - Sending request to OpenRouter model=meta-llama/llama-3.3-70b-instruct
2026-02-23 00:03:37 - INFO - Mixins.llm_client - Received response from meta-llama/llama-3.3-70b-instruct in 7.87 seconds
2026-02-23 00:03:37 - INFO - Agents.DataQueryAgent.query_agent - Generated SQL: SELECT * FROM df LIMIT 3
2026-02-23 00:03:37 - INFO - Agents.DataQueryAgent.query_agent - Executing SQL query: SELECT * FROM df LIMIT 3
2026-02-23 00:03:37 - INFO - Agents.DataQueryAgent.load_data - Executing SQL query: SELECT * FROM df LIMIT 3
2026-02-23 00:03:37 - INFO - Agents.DataQueryAgent.load_data - SQL query executed successfully — 3 rows returned.
2026-02-23 00:03:37 - INFO - Agents.DataQueryAgent.query_agent - Query executed successfully.
2026-02-23 00:03:37 - INFO - Mixins.llm_client - Sending request to OpenRouter model=meta-llama/llama-3.3-70b-instruct
2026-02-23 00:03:39 - INFO - Mixins.llm_client - Received response from meta-llama/llama-3.3-70b-instruct in 1.97 seconds
2026-02-23 00:05:14 - INFO - root - ✅ Logging initialized for FastAPI app.
2026-02-23 00:05:14 - INFO - Utils.intent_classifier - 🧭 Classifying intent for: 'send email in top 3 rows'
2026-02-23 00:05:14 - ERROR - Utils.intent_classifier - Error in intent classification: '\n  "intent"'
2026-02-23 00:05:14 - INFO - Agents.DataQueryAgent.query_agent - Loading data from CSV...
2026-02-23 00:05:14 - INFO - Agents.DataQueryAgent.load_data - Data loaded successfully from Datafiles/filtered_leads.csv. Shape: (83, 88)
2026-02-23 00:05:14 - INFO - Agents.DataQueryAgent.query_agent - Data loaded successfully. Shape: (83, 88)
2026-02-23 00:05:14 - INFO - Agents.DataQueryAgent.query_agent - Generating SQL query for user request: send email in top 3 rows
2026-02-23 00:05:14 - INFO - Mixins.llm_client - Sending request to OpenRouter model=meta-llama/llama-3.3-70b-instruct
2026-02-23 00:05:16 - INFO - Mixins.llm_client - Received response from meta-llama/llama-3.3-70b-instruct in 2.28 seconds
2026-02-23 00:05:16 - INFO - Agents.DataQueryAgent.query_agent - Generated SQL: SELECT * FROM df LIMIT 3
2026-02-23 00:05:16 - INFO - Agents.DataQueryAgent.query_agent - Executing SQL query: SELECT * FROM df LIMIT 3
2026-02-23 00:05:16 - INFO - Agents.DataQueryAgent.load_data - Executing SQL query: SELECT * FROM df LIMIT 3
2026-02-23 00:05:16 - INFO - Agents.DataQueryAgent.load_data - SQL query executed successfully — 3 rows returned.
2026-02-23 00:05:16 - INFO - Agents.DataQueryAgent.query_agent - Query executed successfully.
2026-02-23 00:05:16 - INFO - Mixins.llm_client - Sending request to OpenRouter model=meta-llama/llama-3.3-70b-instruct
2026-02-23 00:05:39 - INFO - Mixins.llm_client - Received response from meta-llama/llama-3.3-70b-instruct in 18.62 seconds
2026-02-23 00:05:52 - INFO - root - ✅ Logging initialized for FastAPI app.
2026-02-23 00:05:57 - INFO - root - ✅ Logging initialized for FastAPI app.
2026-02-23 00:05:59 - INFO - root - ✅ Logging initialized for FastAPI app.
2026-02-23 00:06:04 - INFO - Utils.intent_classifier - 🧭 Classifying intent for: 'send email in top 3 rows'
2026-02-23 00:06:04 - ERROR - Utils.intent_classifier - Error in intent classification: '\n  "intent"'
2026-02-23 00:06:04 - INFO - Agents.DataQueryAgent.query_agent - Loading data from CSV...
2026-02-23 00:06:04 - INFO - Agents.DataQueryAgent.load_data - Data loaded successfully from Datafiles/filtered_leads.csv. Shape: (83, 88)
2026-02-23 00:06:04 - INFO - Agents.DataQueryAgent.query_agent - Data loaded successfully. Shape: (83, 88)
2026-02-23 00:06:04 - INFO - Agents.DataQueryAgent.query_agent - Generating SQL query for user request: send email in top 3 rows
2026-02-23 00:06:04 - INFO - Mixins.llm_client - Sending request to OpenRouter model=meta-llama/llama-3.3-70b-instruct
2026-02-23 00:06:06 - INFO - Mixins.llm_client - Received response from meta-llama/llama-3.3-70b-instruct in 1.16 seconds
2026-02-23 00:06:06 - INFO - Agents.DataQueryAgent.query_agent - Generated SQL: SELECT * FROM df LIMIT 3
2026-02-23 00:06:06 - INFO - Agents.DataQueryAgent.query_agent - Executing SQL query: SELECT * FROM df LIMIT 3
2026-02-23 00:06:06 - INFO - Agents.DataQueryAgent.load_data - Executing SQL query: SELECT * FROM df LIMIT 3
2026-02-23 00:06:06 - INFO - Agents.DataQueryAgent.load_data - SQL query executed successfully — 3 rows returned.
2026-02-23 00:06:06 - INFO - Agents.DataQueryAgent.query_agent - Query executed successfully.
2026-02-23 00:06:06 - INFO - Mixins.llm_client - Sending request to OpenRouter model=meta-llama/llama-3.3-70b-instruct
2026-02-23 00:06:09 - INFO - Mixins.llm_client - Received response from meta-llama/llama-3.3-70b-instruct in 3.41 seconds
2026-02-23 00:06:21 - INFO - root - ✅ Logging initialized for FastAPI app.
2026-02-23 00:07:07 - INFO - root - ✅ Logging initialized for FastAPI app.
2026-02-23 00:07:10 - INFO - Utils.intent_classifier - 🧭 Classifying intent for: 'send email in top 3 rows'
2026-02-23 00:07:33 - INFO - root - ✅ Logging initialized for FastAPI app.
2026-02-23 00:07:35 - INFO - Utils.intent_classifier - 🧭 Classifying intent for: 'send email in top 3 rows'
2026-02-23 00:07:35 - INFO - Mixins.llm_client - Sending request to OpenRouter model=meta-llama/llama-3.3-70b-instruct
2026-02-23 00:07:44 - INFO - Mixins.llm_client - Received response from meta-llama/llama-3.3-70b-instruct in 8.78 seconds
2026-02-23 00:07:44 - INFO - Utils.intent_classifier - ✅ Intent classified in 8.78s | Raw response: Based on the user's message, I would classify their intent as follows:

```
{
  "intent": "send_email",
  "confidence": 0.8
}
```

The user's message "send email in top 3 rows" suggests that they want to send an email, and the mention of "top 3 rows" implies that they want to send it to a specific subset of data, which aligns with the **send_email** intent. The confidence level is set
2026-02-23 00:07:44 - INFO - Agents.DataQueryAgent.query_agent - Loading data from CSV...
2026-02-23 00:07:44 - INFO - Agents.DataQueryAgent.load_data - Data loaded successfully from Datafiles/filtered_leads.csv. Shape: (83, 88)
2026-02-23 00:07:44 - INFO - Agents.DataQueryAgent.query_agent - Data loaded successfully. Shape: (83, 88)
2026-02-23 00:07:44 - INFO - Agents.DataQueryAgent.query_agent - Generating SQL query for user request: send email in top 3 rows
2026-02-23 00:07:44 - INFO - Mixins.llm_client - Sending request to OpenRouter model=meta-llama/llama-3.3-70b-instruct
2026-02-23 00:07:49 - INFO - Mixins.llm_client - Received response from meta-llama/llama-3.3-70b-instruct in 5.27 seconds
2026-02-23 00:07:49 - INFO - Agents.DataQueryAgent.query_agent - Generated SQL: SELECT * FROM df LIMIT 3
2026-02-23 00:07:49 - INFO - Agents.DataQueryAgent.query_agent - Executing SQL query: SELECT * FROM df LIMIT 3
2026-02-23 00:07:49 - INFO - Agents.DataQueryAgent.load_data - Executing SQL query: SELECT * FROM df LIMIT 3
2026-02-23 00:07:49 - INFO - Agents.DataQueryAgent.load_data - SQL query executed successfully — 3 rows returned.
2026-02-23 00:07:49 - INFO - Agents.DataQueryAgent.query_agent - Query executed successfully.
2026-02-23 00:07:49 - INFO - Mixins.llm_client - Sending request to OpenRouter model=meta-llama/llama-3.3-70b-instruct
2026-02-23 00:07:54 - INFO - Mixins.llm_client - Received response from meta-llama/llama-3.3-70b-instruct in 4.20 seconds
2026-02-23 00:10:40 - INFO - root - ✅ Logging initialized for FastAPI app.
2026-02-23 00:10:53 - INFO - root - ✅ Logging initialized for FastAPI app.
2026-02-23 00:11:01 - INFO - root - ✅ Logging initialized for FastAPI app.
2026-02-23 00:12:14 - INFO - root - ✅ Logging initialized for FastAPI app.
2026-02-23 00:12:15 - INFO - Utils.intent_classifier - 🧭 Classifying intent for: 'send email in top 3 rows'
2026-02-23 00:12:15 - INFO - Mixins.llm_client - Sending request to OpenRouter model=meta-llama/llama-3.3-70b-instruct
2026-02-23 00:12:24 - INFO - Mixins.llm_client - Received response from meta-llama/llama-3.3-70b-instruct in 8.47 seconds
2026-02-23 00:12:24 - INFO - Utils.intent_classifier - ✅ Intent classified in 8.47s | Raw response: Based on the user's message, I would classify the intent as follows:

```
{
  "intent": "send_email",
  "confidence": 0.9
}
```

The user's message "send email in top 3 rows" suggests that they want to send an email, and the mention of "top 3 rows" implies that they want to send the email to a specific subset of data, which aligns with the **send_email** intent. The confidence level is
2026-02-23 00:12:24 - INFO - Mixins.text_processor - ✅ JSON extracted successfully
2026-02-23 00:12:24 - INFO - Agents.DataQueryAgent.query_agent - Loading data from CSV...
2026-02-23 00:12:24 - INFO - Agents.DataQueryAgent.load_data - Data loaded successfully from Datafiles/filtered_leads.csv. Shape: (83, 88)
2026-02-23 00:12:24 - INFO - Agents.DataQueryAgent.query_agent - Data loaded successfully. Shape: (83, 88)
2026-02-23 00:12:24 - INFO - Agents.DataQueryAgent.query_agent - Generating SQL query for user request: send email in top 3 rows
2026-02-23 00:12:24 - INFO - Mixins.llm_client - Sending request to OpenRouter model=meta-llama/llama-3.3-70b-instruct
2026-02-23 00:12:26 - INFO - Mixins.llm_client - Received response from meta-llama/llama-3.3-70b-instruct in 2.33 seconds
2026-02-23 00:12:26 - INFO - Agents.DataQueryAgent.query_agent - Generated SQL: SELECT * FROM df LIMIT 3
2026-02-23 00:12:26 - INFO - Agents.DataQueryAgent.query_agent - Executing SQL query: SELECT * FROM df LIMIT 3
2026-02-23 00:12:26 - INFO - Agents.DataQueryAgent.load_data - Executing SQL query: SELECT * FROM df LIMIT 3
2026-02-23 00:12:26 - INFO - Agents.DataQueryAgent.load_data - SQL query executed successfully — 3 rows returned.
2026-02-23 00:12:26 - INFO - Agents.DataQueryAgent.query_agent - Query executed successfully.
2026-02-23 00:12:26 - INFO - Mixins.llm_client - Sending request to OpenRouter model=meta-llama/llama-3.3-70b-instruct
2026-02-23 00:12:33 - INFO - Mixins.llm_client - Received response from meta-llama/llama-3.3-70b-instruct in 6.33 seconds
2026-02-23 00:12:53 - INFO - root - ✅ Logging initialized for FastAPI app.
2026-02-23 00:13:32 - INFO - root - ✅ Logging initialized for FastAPI app.
2026-02-23 00:13:41 - INFO - root - ✅ Logging initialized for FastAPI app.
2026-02-23 00:14:04 - INFO - root - ✅ Logging initialized for FastAPI app.
2026-02-23 00:14:13 - INFO - root - ✅ Logging initialized for FastAPI app.
2026-02-23 00:14:30 - INFO - root - ✅ Logging initialized for FastAPI app.
2026-02-23 00:15:12 - INFO - root - ✅ Logging initialized for FastAPI app.
2026-02-23 00:21:40 - INFO - root - ✅ Logging initialized for FastAPI app.
2026-02-23 00:21:45 - INFO - API.main - 🧠 Running LangGraph pipeline for: 'send email in top 3 rows'
2026-02-23 00:21:45 - ERROR - API.main - Error while running LangGraph pipeline: StateGraph.__init__() missing 1 required positional argument: 'state_schema'
Traceback (most recent call last):
  File "/work/Projects/Hiring_Asg/Ema/SDR_Agent/API/main.py", line 93, in run_graph
    graph = StateGraph()
            ^^^^^^^^^^^^
TypeError: StateGraph.__init__() missing 1 required positional argument: 'state_schema'
2026-02-23 00:23:33 - INFO - root - ✅ Logging initialized for FastAPI app.
2026-02-23 00:23:35 - INFO - API.main - 🧠 Running LangGraph pipeline for: 'send email in top 3 rows'
2026-02-23 00:23:35 - ERROR - API.main - Error while running LangGraph pipeline: 'StateGraph' object has no attribute 'run'
Traceback (most recent call last):
  File "/work/Projects/Hiring_Asg/Ema/SDR_Agent/API/main.py", line 125, in run_graph
    result = await graph.run(state)
                   ^^^^^^^^^
AttributeError: 'StateGraph' object has no attribute 'run'
2026-02-23 00:24:44 - INFO - root - ✅ Logging initialized for FastAPI app.
2026-02-23 00:24:58 - INFO - root - ✅ Logging initialized for FastAPI app.
2026-02-23 00:25:00 - INFO - API.main - 🧠 Running LangGraph pipeline for: 'send email in top 3 rows'
2026-02-23 00:25:00 - INFO - Utils.intent_classifier - 🧭 Classifying intent for: 'send email in top 3 rows'
2026-02-23 00:25:00 - INFO - Mixins.llm_client - Sending request to OpenRouter model=meta-llama/llama-3.3-70b-instruct
2026-02-23 00:25:06 - INFO - Mixins.llm_client - Received response from meta-llama/llama-3.3-70b-instruct in 5.72 seconds
2026-02-23 00:25:06 - INFO - Utils.intent_classifier - ✅ Intent classified in 5.72s | Raw response: Based on the user's message, I would classify the intent as follows:

```
{
  "intent": "send_email",
  "confidence": 0.8
}
```

The user's message "send email in top 3 rows" suggests that they want to send an email, and the phrase "in top 3 rows" likely refers to sending an email to the top 3 rows of a dataset or a list, which further supports the classification as "send_email". However
2026-02-23 00:25:06 - INFO - Mixins.text_processor - ✅ JSON extracted successfully
2026-02-23 00:25:06 - INFO - API.main - ✅ LangGraph pipeline completed successfully.
2026-02-23 00:26:35 - INFO - root - ✅ Logging initialized for FastAPI app.
2026-02-23 00:26:38 - INFO - API.main - 🧠 Running LangGraph pipeline for: 'send email in top 3 rows'
2026-02-23 00:26:38 - INFO - Workflow.workflow_graph - [TRACE_ID=5f590c64-2770-4627-bd95-3b53203dc5a2] ▶️ Entering node: intent_classifier | State keys: ['user_input', 'trace_id']
2026-02-23 00:26:38 - INFO - Utils.intent_classifier - 🧭 Classifying intent for: 'send email in top 3 rows'
2026-02-23 00:26:38 - INFO - Mixins.llm_client - Sending request to OpenRouter model=meta-llama/llama-3.3-70b-instruct
2026-02-23 00:26:43 - INFO - Mixins.llm_client - Received response from meta-llama/llama-3.3-70b-instruct in 5.04 seconds
2026-02-23 00:26:43 - INFO - Utils.intent_classifier - ✅ Intent classified in 5.04s | Raw response: Based on the user's message, I would classify their intent as follows:

```
{
  "intent": "send_email",
  "confidence": 0.9
}
```

The user's message "send email in top 3 rows" suggests that they want to send an email, and the mention of "top 3 rows" implies that they want to send the email to a specific subset of data, which aligns with the **send_email** intent. The confidence level is
2026-02-23 00:26:43 - INFO - Mixins.text_processor - ✅ JSON extracted successfully
2026-02-23 00:26:43 - INFO - Workflow.workflow_graph - [TRACE_ID=5f590c64-2770-4627-bd95-3b53203dc5a2] ✅ Node completed: intent_classifier | Duration: 5.04s
2026-02-23 00:26:43 - INFO - Workflow.workflow_graph - [TRACE_ID=0884502f-ca3f-49b2-8bc2-32a6ad082ff3] ▶️ Entering node: send_email | State keys: ['user_input', 'intent', 'confidence', 'intent_meta', 'trace_id']
2026-02-23 00:26:43 - INFO - Workflow.workflow_graph - [TRACE_ID=0884502f-ca3f-49b2-8bc2-32a6ad082ff3] ✅ Node completed: send_email | Duration: 0.00s
2026-02-23 00:26:43 - INFO - API.main - ✅ LangGraph pipeline completed successfully.
2026-02-23 00:27:12 - INFO - root - ✅ Logging initialized for FastAPI app.
2026-02-23 00:27:47 - INFO - root - ✅ Logging initialized for FastAPI app.
2026-02-23 00:27:56 - INFO - root - ✅ Logging initialized for FastAPI app.
2026-02-23 00:28:01 - INFO - root - ✅ Logging initialized for FastAPI app.
2026-02-23 00:28:14 - ERROR - API.main - Error while running LangGraph pipeline: Expecting ',' delimiter: line 2 column 31 (char 33)
Traceback (most recent call last):
  File "/work/Projects/Hiring_Asg/Ema/SDR_Agent/API/main.py", line 97, in run_graph
    data = await request.json()
           ^^^^^^^^^^^^^^^^^^^^
  File "/work/Projects/Hiring_Asg/venv312/lib/python3.12/site-packages/starlette/requests.py", line 259, in json
    self._json = json.loads(body)
                 ^^^^^^^^^^^^^^^^
  File "/usr/local/lib/python3.12/json/__init__.py", line 346, in loads
    return _default_decoder.decode(s)
           ^^^^^^^^^^^^^^^^^^^^^^^^^^
  File "/usr/local/lib/python3.12/json/decoder.py", line 338, in decode
    obj, end = self.raw_decode(s, idx=_w(s, 0).end())
               ^^^^^^^^^^^^^^^^^^^^^^^^^^^^^^^^^^^^^^
  File "/usr/local/lib/python3.12/json/decoder.py", line 354, in raw_decode
    obj, end = self.scan_once(s, idx)
               ^^^^^^^^^^^^^^^^^^^^^^
json.decoder.JSONDecodeError: Expecting ',' delimiter: line 2 column 31 (char 33)
2026-02-23 00:28:34 - INFO - API.main - 🧠 Running LangGraph pipeline for: 'get top 2 rows'
2026-02-23 00:28:34 - INFO - Workflow.workflow_graph - [TRACE_ID=b2b13def-6c46-499d-84c6-0d1c692a80f5] ▶️ Entering node: intent_classifier | State keys: ['user_input', 'trace_id']
2026-02-23 00:28:34 - INFO - Utils.intent_classifier - 🧭 Classifying intent for: 'get top 2 rows'
2026-02-23 00:28:34 - INFO - Mixins.llm_client - Sending request to OpenRouter model=meta-llama/llama-3.3-70b-instruct
2026-02-23 00:28:38 - INFO - Mixins.llm_client - Received response from meta-llama/llama-3.3-70b-instruct in 4.14 seconds
2026-02-23 00:28:38 - INFO - Utils.intent_classifier - ✅ Intent classified in 4.14s | Raw response: ```json
{
  "intent": "query_data",
  "confidence": 0.9
}
```
2026-02-23 00:28:38 - INFO - Mixins.text_processor - ✅ JSON extracted successfully
2026-02-23 00:28:38 - INFO - Workflow.workflow_graph - [TRACE_ID=b2b13def-6c46-499d-84c6-0d1c692a80f5] ✅ Node completed: intent_classifier | Duration: 4.14s
2026-02-23 00:28:38 - INFO - Workflow.workflow_graph - [TRACE_ID=54b9a967-ebc0-422e-85e8-b68fae11bec2] ▶️ Entering node: data_query | State keys: ['user_input', 'intent', 'confidence', 'intent_meta', 'trace_id']
2026-02-23 00:28:38 - INFO - Agents.DataQueryAgent.query_agent - Loading data from CSV...
2026-02-23 00:28:38 - INFO - Agents.DataQueryAgent.load_data - Data loaded successfully from Datafiles/filtered_leads.csv. Shape: (83, 88)
2026-02-23 00:28:38 - INFO - Agents.DataQueryAgent.query_agent - Data loaded successfully. Shape: (83, 88)
2026-02-23 00:28:38 - INFO - Agents.DataQueryAgent.query_agent - Generating SQL query for user request: get top 2 rows
2026-02-23 00:28:38 - INFO - Mixins.llm_client - Sending request to OpenRouter model=meta-llama/llama-3.3-70b-instruct
2026-02-23 00:28:40 - INFO - Mixins.llm_client - Received response from meta-llama/llama-3.3-70b-instruct in 1.66 seconds
2026-02-23 00:28:40 - INFO - Agents.DataQueryAgent.query_agent - Generated SQL: SELECT * FROM df LIMIT 2
2026-02-23 00:28:40 - INFO - Agents.DataQueryAgent.query_agent - Executing SQL query: SELECT * FROM df LIMIT 2
2026-02-23 00:28:40 - INFO - Agents.DataQueryAgent.load_data - Executing SQL query: SELECT * FROM df LIMIT 2
2026-02-23 00:28:40 - INFO - Agents.DataQueryAgent.load_data - SQL query executed successfully — 2 rows returned.
2026-02-23 00:28:40 - INFO - Agents.DataQueryAgent.query_agent - Query executed successfully.
2026-02-23 00:28:40 - INFO - Mixins.llm_client - Sending request to OpenRouter model=meta-llama/llama-3.3-70b-instruct
2026-02-23 00:28:41 - INFO - Mixins.llm_client - Received response from meta-llama/llama-3.3-70b-instruct in 1.82 seconds
2026-02-23 00:28:41 - INFO - Workflow.workflow_graph - [TRACE_ID=54b9a967-ebc0-422e-85e8-b68fae11bec2] ✅ Node completed: data_query | Duration: 3.52s
2026-02-23 00:28:41 - INFO - API.main - ✅ LangGraph pipeline completed successfully.
2026-02-23 00:32:21 - INFO - API.main - 🧠 Running LangGraph pipeline for: 'how many work in a university'
2026-02-23 00:32:21 - INFO - Workflow.workflow_graph - [TRACE_ID=721a0b82-1ca0-48f0-8e30-9c5e3c8ccbab] ▶️ Entering node: intent_classifier | State keys: ['user_input', 'trace_id']
2026-02-23 00:32:21 - INFO - Utils.intent_classifier - 🧭 Classifying intent for: 'how many work in a university'
2026-02-23 00:32:21 - INFO - Mixins.llm_client - Sending request to OpenRouter model=meta-llama/llama-3.3-70b-instruct
2026-02-23 00:32:28 - INFO - Mixins.llm_client - Received response from meta-llama/llama-3.3-70b-instruct in 3.47 seconds
2026-02-23 00:32:28 - INFO - Utils.intent_classifier - ✅ Intent classified in 3.47s | Raw response: Based on the user's message, I would classify the intent as **query_data** since the user is asking for information about the number of people working in a university.

```json
{
  "intent": "query_data",
  "confidence": 0.8
}
```
2026-02-23 00:32:28 - INFO - Mixins.text_processor - ✅ JSON extracted successfully
2026-02-23 00:32:28 - INFO - Workflow.workflow_graph - [TRACE_ID=721a0b82-1ca0-48f0-8e30-9c5e3c8ccbab] ✅ Node completed: intent_classifier | Duration: 3.47s
2026-02-23 00:32:28 - INFO - Workflow.workflow_graph - [TRACE_ID=acd67df6-891a-4547-87e4-42218d1a6659] ▶️ Entering node: data_query | State keys: ['user_input', 'intent', 'confidence', 'intent_meta', 'trace_id']
2026-02-23 00:32:28 - INFO - Agents.DataQueryAgent.query_agent - Loading data from CSV...
2026-02-23 00:32:28 - INFO - Agents.DataQueryAgent.load_data - Data loaded successfully from Datafiles/filtered_leads.csv. Shape: (83, 88)
2026-02-23 00:32:28 - INFO - Agents.DataQueryAgent.query_agent - Data loaded successfully. Shape: (83, 88)
2026-02-23 00:32:28 - INFO - Agents.DataQueryAgent.query_agent - Generating SQL query for user request: how many work in a university
2026-02-23 00:32:28 - INFO - Mixins.llm_client - Sending request to OpenRouter model=meta-llama/llama-3.3-70b-instruct
2026-02-23 00:32:29 - INFO - Mixins.llm_client - Received response from meta-llama/llama-3.3-70b-instruct in 1.05 seconds
2026-02-23 00:32:29 - INFO - Agents.DataQueryAgent.query_agent - Generated SQL: SELECT COUNT(*) FROM df WHERE "Company" LIKE '%University%'
2026-02-23 00:32:29 - INFO - Agents.DataQueryAgent.query_agent - Executing SQL query: SELECT COUNT(*) FROM df WHERE "Company" LIKE '%University%'
2026-02-23 00:32:29 - INFO - Agents.DataQueryAgent.load_data - Executing SQL query: SELECT COUNT(*) FROM df WHERE "Company" LIKE '%University%'
2026-02-23 00:32:29 - INFO - Agents.DataQueryAgent.load_data - SQL query executed successfully — 1 rows returned.
2026-02-23 00:32:29 - INFO - Agents.DataQueryAgent.query_agent - Query executed successfully.
2026-02-23 00:32:29 - INFO - Mixins.llm_client - Sending request to OpenRouter model=meta-llama/llama-3.3-70b-instruct
2026-02-23 00:32:31 - INFO - Mixins.llm_client - Received response from meta-llama/llama-3.3-70b-instruct in 1.55 seconds
2026-02-23 00:32:31 - INFO - Workflow.workflow_graph - [TRACE_ID=acd67df6-891a-4547-87e4-42218d1a6659] ✅ Node completed: data_query | Duration: 2.64s
2026-02-23 00:32:31 - INFO - API.main - ✅ LangGraph pipeline completed successfully.
2026-02-23 00:33:12 - INFO - API.main - 🧠 Running LangGraph pipeline for: 'leads who work in  university'
2026-02-23 00:33:12 - INFO - Workflow.workflow_graph - [TRACE_ID=257607b5-141f-4409-b5f6-e679202902ee] ▶️ Entering node: intent_classifier | State keys: ['user_input', 'trace_id']
2026-02-23 00:33:12 - INFO - Utils.intent_classifier - 🧭 Classifying intent for: 'leads who work in  university'
2026-02-23 00:33:12 - INFO - Mixins.llm_client - Sending request to OpenRouter model=meta-llama/llama-3.3-70b-instruct
2026-02-23 00:33:14 - INFO - Mixins.llm_client - Received response from meta-llama/llama-3.3-70b-instruct in 1.93 seconds
2026-02-23 00:33:14 - INFO - Utils.intent_classifier - ✅ Intent classified in 1.93s | Raw response: Based on the user's message, I would classify the intent as **query_data** since the user is asking to fetch specific leads who work in a university.

```json
{
  "intent": "query_data",
  "confidence": 0.9
}
```
2026-02-23 00:33:14 - INFO - Mixins.text_processor - ✅ JSON extracted successfully
2026-02-23 00:33:14 - INFO - Workflow.workflow_graph - [TRACE_ID=257607b5-141f-4409-b5f6-e679202902ee] ✅ Node completed: intent_classifier | Duration: 1.93s
2026-02-23 00:33:14 - INFO - Workflow.workflow_graph - [TRACE_ID=a296917b-caa7-4015-b224-762eaea3a67c] ▶️ Entering node: data_query | State keys: ['user_input', 'intent', 'confidence', 'intent_meta', 'trace_id']
2026-02-23 00:33:14 - INFO - Agents.DataQueryAgent.query_agent - Loading data from CSV...
2026-02-23 00:33:14 - INFO - Agents.DataQueryAgent.load_data - Data loaded successfully from Datafiles/filtered_leads.csv. Shape: (83, 88)
2026-02-23 00:33:14 - INFO - Agents.DataQueryAgent.query_agent - Data loaded successfully. Shape: (83, 88)
2026-02-23 00:33:14 - INFO - Agents.DataQueryAgent.query_agent - Generating SQL query for user request: leads who work in  university
2026-02-23 00:33:14 - INFO - Mixins.llm_client - Sending request to OpenRouter model=meta-llama/llama-3.3-70b-instruct
2026-02-23 00:33:17 - INFO - Mixins.llm_client - Received response from meta-llama/llama-3.3-70b-instruct in 3.66 seconds
2026-02-23 00:33:17 - INFO - Agents.DataQueryAgent.query_agent - Generated SQL: SELECT * FROM df WHERE "Company" LIKE '%University%'
2026-02-23 00:33:17 - INFO - Agents.DataQueryAgent.query_agent - Executing SQL query: SELECT * FROM df WHERE "Company" LIKE '%University%'
2026-02-23 00:33:17 - INFO - Agents.DataQueryAgent.load_data - Executing SQL query: SELECT * FROM df WHERE "Company" LIKE '%University%'
2026-02-23 00:33:17 - INFO - Agents.DataQueryAgent.load_data - SQL query executed successfully — 6 rows returned.
2026-02-23 00:33:17 - INFO - Agents.DataQueryAgent.query_agent - Query executed successfully.
2026-02-23 00:33:17 - INFO - Mixins.llm_client - Sending request to OpenRouter model=meta-llama/llama-3.3-70b-instruct
2026-02-23 00:33:21 - INFO - Mixins.llm_client - Received response from meta-llama/llama-3.3-70b-instruct in 3.87 seconds
2026-02-23 00:33:21 - INFO - Workflow.workflow_graph - [TRACE_ID=a296917b-caa7-4015-b224-762eaea3a67c] ✅ Node completed: data_query | Duration: 7.57s
2026-02-23 00:33:21 - INFO - API.main - ✅ LangGraph pipeline completed successfully.
2026-02-23 00:33:41 - INFO - API.main - 🧠 Running LangGraph pipeline for: 'name of leads who work in  university'
2026-02-23 00:33:41 - INFO - Workflow.workflow_graph - [TRACE_ID=bd92fe4b-fd5c-4c40-845c-a36f8dbf0bf3] ▶️ Entering node: intent_classifier | State keys: ['user_input', 'trace_id']
2026-02-23 00:33:41 - INFO - Utils.intent_classifier - 🧭 Classifying intent for: 'name of leads who work in  university'
2026-02-23 00:33:41 - INFO - Mixins.llm_client - Sending request to OpenRouter model=meta-llama/llama-3.3-70b-instruct
2026-02-23 00:33:58 - INFO - Mixins.llm_client - Received response from meta-llama/llama-3.3-70b-instruct in 17.28 seconds
2026-02-23 00:33:58 - INFO - Utils.intent_classifier - ✅ Intent classified in 17.28s | Raw response: Based on the user's message, I would classify their intent as follows:

```
{
  "intent": "query_data",
  "confidence": 0.9
}
```

The user is asking for specific information (names of leads) who work in a particular institution (university), which aligns with the **query_data** intent. The confidence level is set to 0.9, indicating a high degree of certainty in this classification.
2026-02-23 00:33:58 - INFO - Mixins.text_processor - ✅ JSON extracted successfully
2026-02-23 00:33:58 - INFO - Workflow.workflow_graph - [TRACE_ID=bd92fe4b-fd5c-4c40-845c-a36f8dbf0bf3] ✅ Node completed: intent_classifier | Duration: 17.28s
2026-02-23 00:33:58 - INFO - Workflow.workflow_graph - [TRACE_ID=be0a1bff-1585-4dde-a6d1-dcefca9b6d6f] ▶️ Entering node: data_query | State keys: ['user_input', 'intent', 'confidence', 'intent_meta', 'trace_id']
2026-02-23 00:33:58 - INFO - Agents.DataQueryAgent.query_agent - Loading data from CSV...
2026-02-23 00:33:58 - INFO - Agents.DataQueryAgent.load_data - Data loaded successfully from Datafiles/filtered_leads.csv. Shape: (83, 88)
2026-02-23 00:33:58 - INFO - Agents.DataQueryAgent.query_agent - Data loaded successfully. Shape: (83, 88)
2026-02-23 00:33:58 - INFO - Agents.DataQueryAgent.query_agent - Generating SQL query for user request: name of leads who work in  university
2026-02-23 00:33:58 - INFO - Mixins.llm_client - Sending request to OpenRouter model=meta-llama/llama-3.3-70b-instruct
2026-02-23 00:34:05 - INFO - Mixins.llm_client - Received response from meta-llama/llama-3.3-70b-instruct in 7.02 seconds
2026-02-23 00:34:05 - INFO - Agents.DataQueryAgent.query_agent - Generated SQL: SELECT "Company" FROM df WHERE "Company" LIKE '%University%'
2026-02-23 00:34:05 - INFO - Agents.DataQueryAgent.query_agent - Executing SQL query: SELECT "Company" FROM df WHERE "Company" LIKE '%University%'
2026-02-23 00:34:05 - INFO - Agents.DataQueryAgent.load_data - Executing SQL query: SELECT "Company" FROM df WHERE "Company" LIKE '%University%'
2026-02-23 00:34:05 - INFO - Agents.DataQueryAgent.load_data - SQL query executed successfully — 6 rows returned.
2026-02-23 00:34:05 - INFO - Agents.DataQueryAgent.query_agent - Query executed successfully.
2026-02-23 00:34:05 - INFO - Mixins.llm_client - Sending request to OpenRouter model=meta-llama/llama-3.3-70b-instruct
2026-02-23 00:34:07 - INFO - Mixins.llm_client - Received response from meta-llama/llama-3.3-70b-instruct in 1.75 seconds
2026-02-23 00:34:07 - INFO - Workflow.workflow_graph - [TRACE_ID=be0a1bff-1585-4dde-a6d1-dcefca9b6d6f] ✅ Node completed: data_query | Duration: 8.81s
2026-02-23 00:34:07 - INFO - API.main - ✅ LangGraph pipeline completed successfully.
2026-02-23 00:35:13 - INFO - API.main - 🧠 Running LangGraph pipeline for: 'what are the types of lead origin'
2026-02-23 00:35:13 - INFO - Workflow.workflow_graph - [TRACE_ID=c9686557-ce9a-4ef3-b702-f468dd930ff2] ▶️ Entering node: intent_classifier | State keys: ['user_input', 'trace_id']
2026-02-23 00:35:13 - INFO - Utils.intent_classifier - 🧭 Classifying intent for: 'what are the types of lead origin'
2026-02-23 00:35:13 - INFO - Mixins.llm_client - Sending request to OpenRouter model=meta-llama/llama-3.3-70b-instruct
2026-02-23 00:35:17 - INFO - Mixins.llm_client - Received response from meta-llama/llama-3.3-70b-instruct in 4.30 seconds
2026-02-23 00:35:17 - INFO - Utils.intent_classifier - ✅ Intent classified in 4.30s | Raw response: ```json
{
  "intent": "query_data",
  "confidence": 0.9
}
```
2026-02-23 00:35:17 - INFO - Mixins.text_processor - ✅ JSON extracted successfully
2026-02-23 00:35:17 - INFO - Workflow.workflow_graph - [TRACE_ID=c9686557-ce9a-4ef3-b702-f468dd930ff2] ✅ Node completed: intent_classifier | Duration: 4.30s
2026-02-23 00:35:17 - INFO - Workflow.workflow_graph - [TRACE_ID=6db329ca-416a-419a-bb2e-801895700851] ▶️ Entering node: data_query | State keys: ['user_input', 'intent', 'confidence', 'intent_meta', 'trace_id']
2026-02-23 00:35:17 - INFO - Agents.DataQueryAgent.query_agent - Loading data from CSV...
2026-02-23 00:35:17 - INFO - Agents.DataQueryAgent.load_data - Data loaded successfully from Datafiles/filtered_leads.csv. Shape: (83, 88)
2026-02-23 00:35:17 - INFO - Agents.DataQueryAgent.query_agent - Data loaded successfully. Shape: (83, 88)
2026-02-23 00:35:17 - INFO - Agents.DataQueryAgent.query_agent - Generating SQL query for user request: what are the types of lead origin
2026-02-23 00:35:17 - INFO - Mixins.llm_client - Sending request to OpenRouter model=meta-llama/llama-3.3-70b-instruct
2026-02-23 00:35:27 - INFO - Mixins.llm_client - Received response from meta-llama/llama-3.3-70b-instruct in 6.05 seconds
2026-02-23 00:35:27 - INFO - Agents.DataQueryAgent.query_agent - Generated SQL: SELECT DISTINCT "Lead Source" FROM df
2026-02-23 00:35:27 - INFO - Agents.DataQueryAgent.query_agent - Executing SQL query: SELECT DISTINCT "Lead Source" FROM df
2026-02-23 00:35:27 - INFO - Agents.DataQueryAgent.load_data - Executing SQL query: SELECT DISTINCT "Lead Source" FROM df
2026-02-23 00:35:27 - INFO - Agents.DataQueryAgent.load_data - SQL query executed successfully — 4 rows returned.
2026-02-23 00:35:27 - INFO - Agents.DataQueryAgent.query_agent - Query executed successfully.
2026-02-23 00:35:27 - INFO - Mixins.llm_client - Sending request to OpenRouter model=meta-llama/llama-3.3-70b-instruct
2026-02-23 00:35:30 - INFO - Mixins.llm_client - Received response from meta-llama/llama-3.3-70b-instruct in 3.37 seconds
2026-02-23 00:35:30 - INFO - Workflow.workflow_graph - [TRACE_ID=6db329ca-416a-419a-bb2e-801895700851] ✅ Node completed: data_query | Duration: 9.47s
2026-02-23 00:35:30 - INFO - API.main - ✅ LangGraph pipeline completed successfully.
2026-02-23 00:35:59 - INFO - API.main - 🧠 Running LangGraph pipeline for: 'how many cames from direct traffic'
2026-02-23 00:35:59 - INFO - Workflow.workflow_graph - [TRACE_ID=f7d9b804-1e01-433f-b337-f66603d61928] ▶️ Entering node: intent_classifier | State keys: ['user_input', 'trace_id']
2026-02-23 00:35:59 - INFO - Utils.intent_classifier - 🧭 Classifying intent for: 'how many cames from direct traffic'
2026-02-23 00:35:59 - INFO - Mixins.llm_client - Sending request to OpenRouter model=meta-llama/llama-3.3-70b-instruct
2026-02-23 00:36:04 - INFO - Mixins.llm_client - Received response from meta-llama/llama-3.3-70b-instruct in 1.80 seconds
2026-02-23 00:36:04 - INFO - Utils.intent_classifier - ✅ Intent classified in 1.80s | Raw response: ```json
{
  "intent": "query_data",
  "confidence": 0.9
}
```
2026-02-23 00:36:04 - INFO - Mixins.text_processor - ✅ JSON extracted successfully
2026-02-23 00:36:04 - INFO - Workflow.workflow_graph - [TRACE_ID=f7d9b804-1e01-433f-b337-f66603d61928] ✅ Node completed: intent_classifier | Duration: 1.80s
2026-02-23 00:36:04 - INFO - Workflow.workflow_graph - [TRACE_ID=81f44b93-4dc1-4e68-aa2f-2f53ff19ee7c] ▶️ Entering node: data_query | State keys: ['user_input', 'intent', 'confidence', 'intent_meta', 'trace_id']
2026-02-23 00:36:04 - INFO - Agents.DataQueryAgent.query_agent - Loading data from CSV...
2026-02-23 00:36:04 - INFO - Agents.DataQueryAgent.load_data - Data loaded successfully from Datafiles/filtered_leads.csv. Shape: (83, 88)
2026-02-23 00:36:04 - INFO - Agents.DataQueryAgent.query_agent - Data loaded successfully. Shape: (83, 88)
2026-02-23 00:36:04 - INFO - Agents.DataQueryAgent.query_agent - Generating SQL query for user request: how many cames from direct traffic
2026-02-23 00:36:04 - INFO - Mixins.llm_client - Sending request to OpenRouter model=meta-llama/llama-3.3-70b-instruct
2026-02-23 00:36:06 - INFO - Mixins.llm_client - Received response from meta-llama/llama-3.3-70b-instruct in 1.88 seconds
2026-02-23 00:36:06 - INFO - Agents.DataQueryAgent.query_agent - Generated SQL: SELECT COUNT(*) FROM df WHERE "Lead Source" = 'Direct Traffic'
2026-02-23 00:36:06 - INFO - Agents.DataQueryAgent.query_agent - Executing SQL query: SELECT COUNT(*) FROM df WHERE "Lead Source" = 'Direct Traffic'
2026-02-23 00:36:06 - INFO - Agents.DataQueryAgent.load_data - Executing SQL query: SELECT COUNT(*) FROM df WHERE "Lead Source" = 'Direct Traffic'
2026-02-23 00:36:06 - INFO - Agents.DataQueryAgent.load_data - SQL query executed successfully — 1 rows returned.
2026-02-23 00:36:06 - INFO - Agents.DataQueryAgent.query_agent - Query executed successfully.
2026-02-23 00:36:06 - INFO - Mixins.llm_client - Sending request to OpenRouter model=meta-llama/llama-3.3-70b-instruct
2026-02-23 00:36:08 - INFO - Mixins.llm_client - Received response from meta-llama/llama-3.3-70b-instruct in 2.00 seconds
2026-02-23 00:36:08 - INFO - Workflow.workflow_graph - [TRACE_ID=81f44b93-4dc1-4e68-aa2f-2f53ff19ee7c] ✅ Node completed: data_query | Duration: 3.91s
2026-02-23 00:36:08 - INFO - API.main - ✅ LangGraph pipeline completed successfully.
2026-02-23 00:39:40 - INFO - API.main - 🧠 Running LangGraph pipeline for: 'how many cames from google'
2026-02-23 00:39:40 - INFO - Workflow.workflow_graph - [TRACE_ID=de7d0bb6-a01e-4e3a-be80-6b3b6eee44ee] ▶️ Entering node: intent_classifier | State keys: ['user_input', 'trace_id']
2026-02-23 00:39:40 - INFO - Utils.intent_classifier - 🧭 Classifying intent for: 'how many cames from google'
2026-02-23 00:39:40 - INFO - Mixins.llm_client - Sending request to OpenRouter model=meta-llama/llama-3.3-70b-instruct
2026-02-23 00:39:43 - INFO - Mixins.llm_client - Received response from meta-llama/llama-3.3-70b-instruct in 2.59 seconds
2026-02-23 00:39:43 - INFO - Utils.intent_classifier - ✅ Intent classified in 2.59s | Raw response: Based on the user's message, I would classify their intent as follows:

```
{
  "intent": "query_data",
  "confidence": 0.8
}
```

The user's message seems to be asking for information about the number of something (likely "leads" or "candidates") from Google, which aligns with the **query_data** intent. However, the message is somewhat unclear due to the typo ("cames" instead of "came"), which is why I
2026-02-23 00:39:43 - INFO - Mixins.text_processor - ✅ JSON extracted successfully
2026-02-23 00:39:43 - INFO - Workflow.workflow_graph - [TRACE_ID=de7d0bb6-a01e-4e3a-be80-6b3b6eee44ee] ✅ Node completed: intent_classifier | Duration: 2.60s
2026-02-23 00:39:43 - INFO - Workflow.workflow_graph - [TRACE_ID=fa9adfec-bc57-4acb-925c-022f18a611ad] ▶️ Entering node: data_query | State keys: ['user_input', 'intent', 'confidence', 'intent_meta', 'trace_id']
2026-02-23 00:39:43 - INFO - Agents.DataQueryAgent.query_agent - Loading data from CSV...
2026-02-23 00:39:43 - INFO - Agents.DataQueryAgent.load_data - Data loaded successfully from Datafiles/filtered_leads.csv. Shape: (83, 88)
2026-02-23 00:39:43 - INFO - Agents.DataQueryAgent.query_agent - Data loaded successfully. Shape: (83, 88)
2026-02-23 00:39:43 - INFO - Agents.DataQueryAgent.query_agent - Generating SQL query for user request: how many cames from google
2026-02-23 00:39:43 - INFO - Mixins.llm_client - Sending request to OpenRouter model=meta-llama/llama-3.3-70b-instruct
2026-02-23 00:39:44 - INFO - Mixins.llm_client - Received response from meta-llama/llama-3.3-70b-instruct in 1.08 seconds
2026-02-23 00:39:44 - INFO - Agents.DataQueryAgent.query_agent - Generated SQL: SELECT COUNT(*) FROM df WHERE "Lead Source" = 'Google'
2026-02-23 00:39:44 - INFO - Agents.DataQueryAgent.query_agent - Executing SQL query: SELECT COUNT(*) FROM df WHERE "Lead Source" = 'Google'
2026-02-23 00:39:44 - INFO - Agents.DataQueryAgent.load_data - Executing SQL query: SELECT COUNT(*) FROM df WHERE "Lead Source" = 'Google'
2026-02-23 00:39:44 - INFO - Agents.DataQueryAgent.load_data - SQL query executed successfully — 1 rows returned.
2026-02-23 00:39:44 - INFO - Agents.DataQueryAgent.query_agent - Query executed successfully.
2026-02-23 00:39:44 - INFO - Mixins.llm_client - Sending request to OpenRouter model=meta-llama/llama-3.3-70b-instruct
2026-02-23 00:39:49 - INFO - Mixins.llm_client - Received response from meta-llama/llama-3.3-70b-instruct in 5.74 seconds
2026-02-23 00:39:49 - INFO - Workflow.workflow_graph - [TRACE_ID=fa9adfec-bc57-4acb-925c-022f18a611ad] ✅ Node completed: data_query | Duration: 6.88s
2026-02-23 00:39:49 - INFO - API.main - ✅ LangGraph pipeline completed successfully.
2026-02-23 00:40:16 - INFO - API.main - 🧠 Running LangGraph pipeline for: 'writr mail to cat'
2026-02-23 00:40:16 - INFO - Workflow.workflow_graph - [TRACE_ID=078ad192-d9d0-4d3b-82fb-71eab9743d10] ▶️ Entering node: intent_classifier | State keys: ['user_input', 'trace_id']
2026-02-23 00:40:16 - INFO - Utils.intent_classifier - 🧭 Classifying intent for: 'writr mail to cat'
2026-02-23 00:40:16 - INFO - Mixins.llm_client - Sending request to OpenRouter model=meta-llama/llama-3.3-70b-instruct
2026-02-23 00:40:25 - INFO - Mixins.llm_client - Received response from meta-llama/llama-3.3-70b-instruct in 9.07 seconds
2026-02-23 00:40:25 - INFO - Utils.intent_classifier - ✅ Intent classified in 9.07s | Raw response: Based on the user's message, I would classify the intent as follows:

```
{
  "intent": "send_email",
  "confidence": 0.8
}
```

The user's message "writr mail to cat" appears to be a typo or informal way of saying "write mail to cat", which suggests that the user wants to send an email. The confidence level is set to 0.8 as the message is not a clear or formal request, but it
2026-02-23 00:40:25 - INFO - Mixins.text_processor - ✅ JSON extracted successfully
2026-02-23 00:40:25 - INFO - Workflow.workflow_graph - [TRACE_ID=078ad192-d9d0-4d3b-82fb-71eab9743d10] ✅ Node completed: intent_classifier | Duration: 9.07s
2026-02-23 00:40:25 - INFO - Workflow.workflow_graph - [TRACE_ID=4d8229cf-a55d-4d20-bb48-5646698e020e] ▶️ Entering node: send_email | State keys: ['user_input', 'intent', 'confidence', 'intent_meta', 'trace_id']
2026-02-23 00:40:25 - INFO - Workflow.workflow_graph - [TRACE_ID=4d8229cf-a55d-4d20-bb48-5646698e020e] ✅ Node completed: send_email | Duration: 0.00s
2026-02-23 00:40:25 - INFO - API.main - ✅ LangGraph pipeline completed successfully.
2026-02-23 00:41:30 - INFO - root - ✅ Logging initialized for FastAPI app.
2026-02-23 00:41:30 - INFO - API.main - 🧠 Running LangGraph pipeline for: 'writr mail to cat'
2026-02-23 00:41:30 - INFO - Workflow.workflow_graph - [TRACE_ID=31c984f3-49b1-4f35-b1f1-aa0e9c8bc26b] ▶️ Entering node: intent_classifier | State keys: ['user_input', 'trace_id']
2026-02-23 00:41:30 - INFO - Utils.intent_classifier - 🧭 Classifying intent for: 'writr mail to cat'
2026-02-23 00:41:30 - INFO - Mixins.llm_client - Sending request to OpenRouter model=meta-llama/llama-3.3-70b-instruct
2026-02-23 00:41:36 - INFO - Mixins.llm_client - Received response from meta-llama/llama-3.3-70b-instruct in 6.02 seconds
2026-02-23 00:41:36 - INFO - Utils.intent_classifier - ✅ Intent classified in 6.02s | Raw response: Based on the user's message, I would classify the intent as follows:

```
{
  "intent": "send_email",
  "confidence": 0.8
}
```

The user's message "writr mail to cat" appears to be a typo or informal way of saying "write mail to cat", which suggests that they want to send an email. However, the lack of clarity and proper spelling reduces the confidence level to 0.8.
2026-02-23 00:41:36 - INFO - Mixins.text_processor - ✅ JSON extracted successfully
2026-02-23 00:41:36 - INFO - Workflow.workflow_graph - [TRACE_ID=31c984f3-49b1-4f35-b1f1-aa0e9c8bc26b] ✅ Node completed: intent_classifier | Duration: 6.03s
2026-02-23 00:41:36 - INFO - Workflow.workflow_graph - [TRACE_ID=4c02f770-1c48-427f-94ad-ce36d6f7c3af] ▶️ Entering node: send_email | State keys: ['user_input', 'intent', 'confidence', 'intent_meta', 'trace_id']
2026-02-23 00:41:36 - INFO - Workflow.workflow_graph - [TRACE_ID=4c02f770-1c48-427f-94ad-ce36d6f7c3af] ✅ Node completed: send_email | Duration: 0.00s
2026-02-23 00:41:36 - INFO - API.main - ✅ LangGraph pipeline completed successfully.
2026-02-23 00:42:25 - INFO - root - ✅ Logging initialized for FastAPI app.
2026-02-23 00:43:29 - INFO - root - ✅ Logging initialized for FastAPI app.
2026-02-23 00:45:27 - INFO - root - ✅ Logging initialized for FastAPI app.
2026-02-23 00:47:17 - INFO - root - ✅ Logging initialized for FastAPI app.
2026-02-23 00:48:16 - INFO - root - ✅ Logging initialized for FastAPI app.
2026-02-23 00:48:25 - INFO - root - ✅ Logging initialized for FastAPI app.
2026-02-23 00:48:47 - INFO - root - ✅ Logging initialized for FastAPI app.
2026-02-23 00:49:29 - INFO - root - ✅ Logging initialized for FastAPI app.
2026-02-23 00:49:55 - INFO - root - ✅ Logging initialized for FastAPI app.
2026-02-23 00:50:07 - INFO - root - ✅ Logging initialized for FastAPI app.
2026-02-23 00:50:13 - INFO - root - ✅ Logging initialized for FastAPI app.
2026-02-23 00:50:36 - INFO - root - ✅ Logging initialized for FastAPI app.
2026-02-23 00:50:48 - INFO - root - ✅ Logging initialized for FastAPI app.
2026-02-23 00:50:59 - INFO - root - ✅ Logging initialized for FastAPI app.
2026-02-23 00:51:11 - INFO - root - ✅ Logging initialized for FastAPI app.
2026-02-23 00:51:24 - INFO - root - ✅ Logging initialized for FastAPI app.
2026-02-23 00:51:37 - INFO - root - ✅ Logging initialized for FastAPI app.
2026-02-23 00:51:40 - INFO - root - ✅ Logging initialized for FastAPI app.
2026-02-23 00:51:43 - INFO - root - ✅ Logging initialized for FastAPI app.
2026-02-23 00:54:36 - INFO - root - ✅ Logging initialized for FastAPI app.
2026-02-23 00:54:38 - INFO - API.main - 🧠 Running LangGraph pipeline for: 'writr mail to cat'
2026-02-23 00:54:38 - INFO - Workflow.workflow_graph - [TRACE_ID=4e9ee49d-3277-4b9b-8954-7ef14e2591e1] ▶️ Entering node: intent_classifier | State keys: ['user_input', 'trace_id']
2026-02-23 00:54:38 - INFO - Utils.intent_classifier - 🧭 Classifying intent for: 'writr mail to cat'
2026-02-23 00:54:38 - INFO - Mixins.llm_client - Sending request to OpenRouter model=meta-llama/llama-3.3-70b-instruct
2026-02-23 00:54:48 - INFO - Mixins.llm_client - Received response from meta-llama/llama-3.3-70b-instruct in 9.85 seconds
2026-02-23 00:54:48 - INFO - Utils.intent_classifier - ✅ Intent classified in 9.85s | Raw response: Based on the user's message, I would classify the intent as follows:

```
{
  "intent": "send_email",
  "confidence": 0.8
}
```

The user's message "writr mail to cat" appears to be a typo or informal way of saying "write mail to cat", which suggests that they want to send an email. However, the lack of clarity and proper spelling reduces the confidence level to 0.8.
2026-02-23 00:54:48 - INFO - Mixins.text_processor - ✅ JSON extracted successfully
2026-02-23 00:54:48 - INFO - Workflow.workflow_graph - [TRACE_ID=4e9ee49d-3277-4b9b-8954-7ef14e2591e1] ✅ Node completed: intent_classifier | Duration: 9.85s
2026-02-23 00:54:48 - INFO - Workflow.workflow_graph - [TRACE_ID=581e6768-ab02-447f-a9ad-a72293034ace] ▶️ Entering node: send_email | State keys: ['user_input', 'intent', 'confidence', 'intent_meta', 'trace_id']
2026-02-23 00:54:48 - INFO - Agents.EmailAgent.email_service - Resend API initialized successfully
2026-02-23 00:54:48 - INFO - Agents.DataQueryAgent.load_data - Data loaded successfully from Datafiles/filtered_leads.csv. Shape: (83, 88)
2026-02-23 00:54:48 - ERROR - Agents.EmailAgent.email_extractor - Error in get_lead_email_df: 'EmailAgent' object has no attribute 'email_regex'
Traceback (most recent call last):
  File "/work/Projects/Hiring_Asg/Ema/SDR_Agent/Agents/EmailAgent/email_extractor.py", line 63, in get_lead_email_df
    df_filtered[email_col].apply(
  File "/work/Projects/Hiring_Asg/venv312/lib/python3.12/site-packages/pandas/core/series.py", line 5084, in apply
    ).apply()
      ^^^^^^^
  File "/work/Projects/Hiring_Asg/venv312/lib/python3.12/site-packages/pandas/core/apply.py", line 1520, in apply
    return self.apply_standard()
           ^^^^^^^^^^^^^^^^^^^^^
  File "/work/Projects/Hiring_Asg/venv312/lib/python3.12/site-packages/pandas/core/apply.py", line 1578, in apply_standard
    mapped = obj._map_values(mapper=curried)
             ^^^^^^^^^^^^^^^^^^^^^^^^^^^^^^^
  File "/work/Projects/Hiring_Asg/venv312/lib/python3.12/site-packages/pandas/core/base.py", line 1020, in _map_values
    return arr.map(mapper, na_action=na_action)
           ^^^^^^^^^^^^^^^^^^^^^^^^^^^^^^^^^^^^
  File "/work/Projects/Hiring_Asg/venv312/lib/python3.12/site-packages/pandas/core/arrays/base.py", line 2744, in map
    return map_array(self, mapper, na_action=na_action)
           ^^^^^^^^^^^^^^^^^^^^^^^^^^^^^^^^^^^^^^^^^^^^
  File "/work/Projects/Hiring_Asg/venv312/lib/python3.12/site-packages/pandas/core/algorithms.py", line 1710, in map_array
    return lib.map_infer(values, mapper)
           ^^^^^^^^^^^^^^^^^^^^^^^^^^^^^
  File "pandas/_libs/lib.pyx", line 3071, in pandas._libs.lib.map_infer
  File "/work/Projects/Hiring_Asg/Ema/SDR_Agent/Agents/EmailAgent/email_extractor.py", line 64, in <lambda>
    lambda x: bool(self.email_regex.match(str(x)))
                   ^^^^^^^^^^^^^^^^
AttributeError: 'EmailAgent' object has no attribute 'email_regex'
2026-02-23 00:54:48 - INFO - Workflow.workflow_graph - [TRACE_ID=581e6768-ab02-447f-a9ad-a72293034ace] ✅ Node completed: send_email | Duration: 0.04s
2026-02-23 00:54:48 - INFO - API.main - ✅ LangGraph pipeline completed successfully.
2026-02-23 00:55:21 - INFO - root - ✅ Logging initialized for FastAPI app.
2026-02-23 00:55:24 - INFO - API.main - 🧠 Running LangGraph pipeline for: 'writr mail to cat'
2026-02-23 00:55:24 - INFO - Workflow.workflow_graph - [TRACE_ID=a7d7b266-e8e0-42dc-b7d4-9ad656d33ff9] ▶️ Entering node: intent_classifier | State keys: ['user_input', 'trace_id']
2026-02-23 00:55:24 - INFO - Utils.intent_classifier - 🧭 Classifying intent for: 'writr mail to cat'
2026-02-23 00:55:24 - INFO - Mixins.llm_client - Sending request to OpenRouter model=meta-llama/llama-3.3-70b-instruct
2026-02-23 00:55:26 - INFO - Mixins.llm_client - Received response from meta-llama/llama-3.3-70b-instruct in 2.22 seconds
2026-02-23 00:55:26 - INFO - Utils.intent_classifier - ✅ Intent classified in 2.22s | Raw response: Based on the user's message, I would classify the intent as follows:

```
{
  "intent": "send_email",
  "confidence": 0.8
}
```

The user's message "writr mail to cat" appears to be a typo or informal way of saying "write mail to cat", which suggests that the user wants to send an email. However, the lack of clarity and proper spelling reduces the confidence level to 0.8.
2026-02-23 00:55:26 - INFO - Mixins.text_processor - ✅ JSON extracted successfully
2026-02-23 00:55:26 - INFO - Workflow.workflow_graph - [TRACE_ID=a7d7b266-e8e0-42dc-b7d4-9ad656d33ff9] ✅ Node completed: intent_classifier | Duration: 2.22s
2026-02-23 00:55:26 - INFO - Workflow.workflow_graph - [TRACE_ID=de2d6fce-dc3a-431e-9ea9-40e32d566134] ▶️ Entering node: send_email | State keys: ['user_input', 'intent', 'confidence', 'intent_meta', 'trace_id']
2026-02-23 00:55:26 - INFO - Agents.EmailAgent.email_service - Resend API initialized successfully
2026-02-23 00:55:26 - INFO - Agents.DataQueryAgent.load_data - Data loaded successfully from Datafiles/filtered_leads.csv. Shape: (83, 88)
2026-02-23 00:55:26 - INFO - Workflow.workflow_graph - [TRACE_ID=de2d6fce-dc3a-431e-9ea9-40e32d566134] ✅ Node completed: send_email | Duration: 0.01s
2026-02-23 00:55:26 - INFO - API.main - ✅ LangGraph pipeline completed successfully.
2026-02-23 00:57:53 - INFO - root - ✅ Logging initialized for FastAPI app.
2026-02-23 00:57:53 - INFO - API.main - 🧠 Running LangGraph pipeline for: 'writr mail to cat'
2026-02-23 00:57:53 - INFO - Workflow.workflow_graph - [TRACE_ID=efff4544-226e-401d-acb3-68298c74ea29] ▶️ Entering node: intent_classifier | State keys: ['user_input', 'trace_id']
2026-02-23 00:57:53 - INFO - Utils.intent_classifier - 🧭 Classifying intent for: 'writr mail to cat'
2026-02-23 00:57:53 - INFO - Mixins.llm_client - Sending request to OpenRouter model=meta-llama/llama-3.3-70b-instruct
2026-02-23 00:58:10 - INFO - Mixins.llm_client - Received response from meta-llama/llama-3.3-70b-instruct in 13.41 seconds
2026-02-23 00:58:10 - INFO - Utils.intent_classifier - ✅ Intent classified in 13.41s | Raw response: Based on the user's message, I would classify the intent as follows:

```
{
  "intent": "send_email",
  "confidence": 0.8
}
```

The user's message "writr mail to cat" appears to be a request to send an email, although it is not clearly written. The word "mail" suggests an email, and "to cat" could be the recipient, although it's unclear if "cat" is a person or a placeholder
2026-02-23 00:58:10 - INFO - Mixins.text_processor - ✅ JSON extracted successfully
2026-02-23 00:58:10 - INFO - Workflow.workflow_graph - [TRACE_ID=efff4544-226e-401d-acb3-68298c74ea29] ✅ Node completed: intent_classifier | Duration: 13.41s
2026-02-23 00:58:10 - INFO - Workflow.workflow_graph - [TRACE_ID=72bff926-9029-4403-8715-01b3dd1fd56d] ▶️ Entering node: send_email | State keys: ['user_input', 'intent', 'confidence', 'intent_meta', 'trace_id']
2026-02-23 00:58:10 - INFO - Agents.EmailAgent.email_service - Resend API initialized successfully
2026-02-23 00:58:10 - INFO - Agents.DataQueryAgent.load_data - Data loaded successfully from Datafiles/filtered_leads.csv. Shape: (83, 88)
2026-02-23 00:58:10 - INFO - Workflow.workflow_graph - [TRACE_ID=72bff926-9029-4403-8715-01b3dd1fd56d] ✅ Node completed: send_email | Duration: 0.02s
2026-02-23 00:58:10 - INFO - API.main - ✅ LangGraph pipeline completed successfully.
2026-02-23 01:02:43 - INFO - root - ✅ Logging initialized for FastAPI app.
2026-02-23 01:03:20 - INFO - root - ✅ Logging initialized for FastAPI app.
2026-02-23 01:03:22 - INFO - root - ✅ Logging initialized for FastAPI app.
2026-02-23 01:03:25 - INFO - root - ✅ Logging initialized for FastAPI app.
2026-02-23 01:03:25 - INFO - API.main - 🧠 Running LangGraph pipeline for: 'writr mail to cat'
2026-02-23 01:03:25 - INFO - Workflow.workflow_graph - [TRACE_ID=8f0731b9-ae7b-4f0a-bbca-c597fad95488] ▶️ Entering node: intent_classifier | State keys: ['user_input', 'trace_id']
2026-02-23 01:03:25 - INFO - Utils.intent_classifier - 🧭 Classifying intent for: 'writr mail to cat'
2026-02-23 01:03:25 - INFO - Mixins.llm_client - Sending request to OpenRouter model=meta-llama/llama-3.3-70b-instruct
2026-02-23 01:03:46 - INFO - Mixins.llm_client - Received response from meta-llama/llama-3.3-70b-instruct in 18.25 seconds
2026-02-23 01:03:46 - INFO - Utils.intent_classifier - ✅ Intent classified in 18.26s | Raw response: Based on the user's message, I would classify the intent as follows:

```
{
  "intent": "send_email",
  "confidence": 0.8
}
```

The user's message "writr mail to cat" appears to be a request to send an email, although the spelling and grammar are not perfect. The word "mail" is a strong indicator of the intent to send an email, and "to cat" suggests that the user wants to send an email
2026-02-23 01:03:46 - INFO - Mixins.text_processor - ✅ JSON extracted successfully
2026-02-23 01:03:46 - INFO - Workflow.workflow_graph - [TRACE_ID=8f0731b9-ae7b-4f0a-bbca-c597fad95488] ✅ Node completed: intent_classifier | Duration: 18.26s
2026-02-23 01:03:46 - INFO - Workflow.workflow_graph - [TRACE_ID=f33ce315-a491-451b-b1ee-266711586996] ▶️ Entering node: send_email | State keys: ['user_input', 'intent', 'confidence', 'intent_meta', 'trace_id']
2026-02-23 01:03:46 - INFO - Agents.EmailAgent.email_service - Resend API initialized successfully
2026-02-23 01:03:46 - INFO - Agents.DataQueryAgent.load_data - Data loaded successfully from Datafiles/filtered_leads.csv. Shape: (83, 88)
2026-02-23 01:03:47 - INFO - Workflow.workflow_graph - [TRACE_ID=f33ce315-a491-451b-b1ee-266711586996] ✅ Node completed: send_email | Duration: 0.04s
2026-02-23 01:03:47 - INFO - API.main - ✅ LangGraph pipeline completed successfully.
2026-02-23 01:03:55 - INFO - root - ✅ Logging initialized for FastAPI app.
2026-02-23 01:03:56 - INFO - root - ✅ Logging initialized for FastAPI app.
2026-02-23 01:03:58 - INFO - root - ✅ Logging initialized for FastAPI app.
2026-02-23 01:04:08 - INFO - root - ✅ Logging initialized for FastAPI app.
2026-02-23 01:04:08 - INFO - API.main - 🧠 Running LangGraph pipeline for: 'writr mail to cat'
2026-02-23 01:04:08 - INFO - Workflow.workflow_graph - [TRACE_ID=b1de25fe-07bf-400c-b938-9163ed6563e8] ▶️ Entering node: intent_classifier | State keys: ['user_input', 'trace_id']
2026-02-23 01:04:08 - INFO - Utils.intent_classifier - 🧭 Classifying intent for: 'writr mail to cat'
2026-02-23 01:04:08 - INFO - Mixins.llm_client - Sending request to OpenRouter model=meta-llama/llama-3.3-70b-instruct
2026-02-23 01:04:21 - INFO - Mixins.llm_client - Received response from meta-llama/llama-3.3-70b-instruct in 13.12 seconds
2026-02-23 01:04:21 - INFO - Utils.intent_classifier - ✅ Intent classified in 13.12s | Raw response: Based on the user's message, I would classify the intent as follows:

```
{
  "intent": "send_email",
  "confidence": 0.8
}
```

The user's message "writr mail to cat" seems to be a typo or informal way of saying "write mail to cat", which implies that the user wants to send an email. However, the lack of clarity and proper spelling reduces the confidence level to 0.8.
2026-02-23 01:04:21 - INFO - Mixins.text_processor - ✅ JSON extracted successfully
2026-02-23 01:04:21 - INFO - Workflow.workflow_graph - [TRACE_ID=b1de25fe-07bf-400c-b938-9163ed6563e8] ✅ Node completed: intent_classifier | Duration: 13.12s
2026-02-23 01:04:21 - INFO - Workflow.workflow_graph - [TRACE_ID=3d434d30-921f-4e6b-9abf-254dfe91556a] ▶️ Entering node: send_email | State keys: ['user_input', 'intent', 'confidence', 'intent_meta', 'trace_id']
2026-02-23 01:04:21 - INFO - Agents.EmailAgent.email_service - Resend API initialized successfully
2026-02-23 01:04:21 - INFO - Agents.DataQueryAgent.load_data - Data loaded successfully from Datafiles/filtered_leads.csv. Shape: (83, 88)
2026-02-23 01:04:21 - ERROR - Agents.EmailAgent.email_service - Failed to generate email content via LLM
Traceback (most recent call last):
  File "/work/Projects/Hiring_Asg/Ema/SDR_Agent/Agents/EmailAgent/email_service.py", line 80, in generate_email_content
    result = await self.chat_completion(messages=[{"role": "user", "content": prompt}])
             ^^^^^^^^^^^^^^^^^^^^^^^^^^^^^^^^^^^^^^^^^^^^^^^^^^^^^^^^^^^^^^^^^^^^^^^^^^
  File "/work/Projects/Hiring_Asg/Ema/SDR_Agent/Mixins/llm_client.py", line 71, in chat_completion
    headers = self._build_headers()
              ^^^^^^^^^^^^^^^^^^^^^
  File "/work/Projects/Hiring_Asg/Ema/SDR_Agent/Mixins/llm_client.py", line 42, in _build_headers
    if self.site_url:
       ^^^^^^^^^^^^^
AttributeError: 'EmailService' object has no attribute 'site_url'
2026-02-23 01:04:21 - ERROR - Workflow.workflow_graph - [TRACE_ID=3d434d30-921f-4e6b-9abf-254dfe91556a] ❌ Error in node: send_email | Duration: 0.03s | Error: LLM email content generation failed: 'EmailService' object has no attribute 'site_url'
Traceback (most recent call last):
  File "/work/Projects/Hiring_Asg/Ema/SDR_Agent/Agents/EmailAgent/email_service.py", line 80, in generate_email_content
    result = await self.chat_completion(messages=[{"role": "user", "content": prompt}])
             ^^^^^^^^^^^^^^^^^^^^^^^^^^^^^^^^^^^^^^^^^^^^^^^^^^^^^^^^^^^^^^^^^^^^^^^^^^
  File "/work/Projects/Hiring_Asg/Ema/SDR_Agent/Mixins/llm_client.py", line 71, in chat_completion
    headers = self._build_headers()
              ^^^^^^^^^^^^^^^^^^^^^
  File "/work/Projects/Hiring_Asg/Ema/SDR_Agent/Mixins/llm_client.py", line 42, in _build_headers
    if self.site_url:
       ^^^^^^^^^^^^^
AttributeError: 'EmailService' object has no attribute 'site_url'

The above exception was the direct cause of the following exception:

Traceback (most recent call last):
  File "/work/Projects/Hiring_Asg/Ema/SDR_Agent/Workflow/workflow_graph.py", line 27, in wrapper
    result = await func(state)
             ^^^^^^^^^^^^^^^^^
  File "/work/Projects/Hiring_Asg/Ema/SDR_Agent/Workflow/workflow_graph.py", line 72, in email_node
    result = await agent.get_email_ids()
             ^^^^^^^^^^^^^^^^^^^^^^^^^^^
  File "/work/Projects/Hiring_Asg/Ema/SDR_Agent/Agents/EmailAgent/email_agent.py", line 19, in get_email_ids
    email_service_res = await  self.email_service.generate_email_content(
                        ^^^^^^^^^^^^^^^^^^^^^^^^^^^^^^^^^^^^^^^^^^^^^^^^^
  File "/work/Projects/Hiring_Asg/Ema/SDR_Agent/Agents/EmailAgent/email_service.py", line 86, in generate_email_content
    raise RuntimeError(
RuntimeError: LLM email content generation failed: 'EmailService' object has no attribute 'site_url'
2026-02-23 01:04:21 - ERROR - API.main - Error while running LangGraph pipeline: LLM email content generation failed: 'EmailService' object has no attribute 'site_url'
Traceback (most recent call last):
  File "/work/Projects/Hiring_Asg/Ema/SDR_Agent/Agents/EmailAgent/email_service.py", line 80, in generate_email_content
    result = await self.chat_completion(messages=[{"role": "user", "content": prompt}])
             ^^^^^^^^^^^^^^^^^^^^^^^^^^^^^^^^^^^^^^^^^^^^^^^^^^^^^^^^^^^^^^^^^^^^^^^^^^
  File "/work/Projects/Hiring_Asg/Ema/SDR_Agent/Mixins/llm_client.py", line 71, in chat_completion
    headers = self._build_headers()
              ^^^^^^^^^^^^^^^^^^^^^
  File "/work/Projects/Hiring_Asg/Ema/SDR_Agent/Mixins/llm_client.py", line 42, in _build_headers
    if self.site_url:
       ^^^^^^^^^^^^^
AttributeError: 'EmailService' object has no attribute 'site_url'

The above exception was the direct cause of the following exception:

Traceback (most recent call last):
  File "/work/Projects/Hiring_Asg/Ema/SDR_Agent/API/main.py", line 128, in run_graph
    result = await graph.ainvoke(state)
            ^^^^^^^^^^^^^^^^^^^^^^^^^^
  File "/work/Projects/Hiring_Asg/venv312/lib/python3.12/site-packages/langgraph/pregel/main.py", line 3161, in ainvoke
    async for chunk in self.astream(
  File "/work/Projects/Hiring_Asg/venv312/lib/python3.12/site-packages/langgraph/pregel/main.py", line 2974, in astream
    async for _ in runner.atick(
  File "/work/Projects/Hiring_Asg/venv312/lib/python3.12/site-packages/langgraph/pregel/_runner.py", line 304, in atick
    await arun_with_retry(
  File "/work/Projects/Hiring_Asg/venv312/lib/python3.12/site-packages/langgraph/pregel/_retry.py", line 138, in arun_with_retry
    return await task.proc.ainvoke(task.input, config)
           ^^^^^^^^^^^^^^^^^^^^^^^^^^^^^^^^^^^^^^^^^^^
  File "/work/Projects/Hiring_Asg/venv312/lib/python3.12/site-packages/langgraph/_internal/_runnable.py", line 705, in ainvoke
    input = await asyncio.create_task(
            ^^^^^^^^^^^^^^^^^^^^^^^^^^
  File "/work/Projects/Hiring_Asg/venv312/lib/python3.12/site-packages/langgraph/_internal/_runnable.py", line 473, in ainvoke
    ret = await self.afunc(*args, **kwargs)
          ^^^^^^^^^^^^^^^^^^^^^^^^^^^^^^^^^
  File "/work/Projects/Hiring_Asg/Ema/SDR_Agent/Workflow/workflow_graph.py", line 27, in wrapper
    result = await func(state)
             ^^^^^^^^^^^^^^^^^
  File "/work/Projects/Hiring_Asg/Ema/SDR_Agent/Workflow/workflow_graph.py", line 72, in email_node
    result = await agent.get_email_ids()
             ^^^^^^^^^^^^^^^^^^^^^^^^^^^
  File "/work/Projects/Hiring_Asg/Ema/SDR_Agent/Agents/EmailAgent/email_agent.py", line 19, in get_email_ids
    email_service_res = await  self.email_service.generate_email_content(
                        ^^^^^^^^^^^^^^^^^^^^^^^^^^^^^^^^^^^^^^^^^^^^^^^^^
  File "/work/Projects/Hiring_Asg/Ema/SDR_Agent/Agents/EmailAgent/email_service.py", line 86, in generate_email_content
    raise RuntimeError(
RuntimeError: LLM email content generation failed: 'EmailService' object has no attribute 'site_url'
During task with name 'send_email' and id '2ffc7483-dafa-cd62-eda8-71acc1ed8953'
2026-02-23 01:05:10 - INFO - root - ✅ Logging initialized for FastAPI app.
2026-02-23 01:05:13 - INFO - root - ✅ Logging initialized for FastAPI app.
2026-02-23 01:05:13 - INFO - API.main - 🧠 Running LangGraph pipeline for: 'writr mail to cat'
2026-02-23 01:05:13 - INFO - Workflow.workflow_graph - [TRACE_ID=e7e7c82a-a062-4f32-babd-64655b925875] ▶️ Entering node: intent_classifier | State keys: ['user_input', 'trace_id']
2026-02-23 01:05:13 - INFO - Utils.intent_classifier - 🧭 Classifying intent for: 'writr mail to cat'
2026-02-23 01:05:13 - INFO - Mixins.llm_client - Sending request to OpenRouter model=meta-llama/llama-3.3-70b-instruct
2026-02-23 01:05:27 - INFO - Mixins.llm_client - Received response from meta-llama/llama-3.3-70b-instruct in 10.44 seconds
2026-02-23 01:05:27 - INFO - Utils.intent_classifier - ✅ Intent classified in 10.44s | Raw response: Based on the user's message, I would classify the intent as follows:

```
{
  "intent": "send_email",
  "confidence": 0.8
}
```

The user's message "writr mail to cat" appears to be a typo or informal way of saying "write mail to cat", which suggests that they want to send an email. However, the lack of clarity and proper spelling reduces the confidence level to 0.8.
2026-02-23 01:05:27 - INFO - Mixins.text_processor - ✅ JSON extracted successfully
2026-02-23 01:05:27 - INFO - Workflow.workflow_graph - [TRACE_ID=e7e7c82a-a062-4f32-babd-64655b925875] ✅ Node completed: intent_classifier | Duration: 10.44s
2026-02-23 01:05:27 - INFO - Workflow.workflow_graph - [TRACE_ID=a825ac1f-e2ad-4287-b588-5c1d604cec66] ▶️ Entering node: send_email | State keys: ['user_input', 'intent', 'confidence', 'intent_meta', 'trace_id']
2026-02-23 01:05:27 - INFO - Agents.EmailAgent.email_service - Resend API initialized successfully
2026-02-23 01:05:27 - INFO - Agents.DataQueryAgent.load_data - Data loaded successfully from Datafiles/filtered_leads.csv. Shape: (83, 88)
2026-02-23 01:05:27 - INFO - Mixins.llm_client - Sending request to OpenRouter model=meta-llama/llama-3.3-70b-instruct
2026-02-23 01:05:27 - ERROR - Agents.EmailAgent.email_service - Failed to generate email content via LLM
Traceback (most recent call last):
  File "/work/Projects/Hiring_Asg/Ema/SDR_Agent/Agents/EmailAgent/email_service.py", line 82, in generate_email_content
    result = await self.chat_completion(messages=[{"role": "user", "content": prompt}])
             ^^^^^^^^^^^^^^^^^^^^^^^^^^^^^^^^^^^^^^^^^^^^^^^^^^^^^^^^^^^^^^^^^^^^^^^^^^
  File "/work/Projects/Hiring_Asg/Ema/SDR_Agent/Mixins/llm_client.py", line 84, in chat_completion
    response.raise_for_status()
  File "/work/Projects/Hiring_Asg/venv312/lib/python3.12/site-packages/httpx/_models.py", line 829, in raise_for_status
    raise HTTPStatusError(message, request=request, response=self)
httpx.HTTPStatusError: Client error '401 Unauthorized' for url 'https://openrouter.ai/api/v1/chat/completions'
For more information check: https://developer.mozilla.org/en-US/docs/Web/HTTP/Status/401
2026-02-23 01:05:27 - ERROR - Workflow.workflow_graph - [TRACE_ID=a825ac1f-e2ad-4287-b588-5c1d604cec66] ❌ Error in node: send_email | Duration: 0.15s | Error: LLM email content generation failed: Client error '401 Unauthorized' for url 'https://openrouter.ai/api/v1/chat/completions'
For more information check: https://developer.mozilla.org/en-US/docs/Web/HTTP/Status/401
Traceback (most recent call last):
  File "/work/Projects/Hiring_Asg/Ema/SDR_Agent/Agents/EmailAgent/email_service.py", line 82, in generate_email_content
    result = await self.chat_completion(messages=[{"role": "user", "content": prompt}])
             ^^^^^^^^^^^^^^^^^^^^^^^^^^^^^^^^^^^^^^^^^^^^^^^^^^^^^^^^^^^^^^^^^^^^^^^^^^
  File "/work/Projects/Hiring_Asg/Ema/SDR_Agent/Mixins/llm_client.py", line 84, in chat_completion
    response.raise_for_status()
  File "/work/Projects/Hiring_Asg/venv312/lib/python3.12/site-packages/httpx/_models.py", line 829, in raise_for_status
    raise HTTPStatusError(message, request=request, response=self)
httpx.HTTPStatusError: Client error '401 Unauthorized' for url 'https://openrouter.ai/api/v1/chat/completions'
For more information check: https://developer.mozilla.org/en-US/docs/Web/HTTP/Status/401

The above exception was the direct cause of the following exception:

Traceback (most recent call last):
  File "/work/Projects/Hiring_Asg/Ema/SDR_Agent/Workflow/workflow_graph.py", line 27, in wrapper
    result = await func(state)
             ^^^^^^^^^^^^^^^^^
  File "/work/Projects/Hiring_Asg/Ema/SDR_Agent/Workflow/workflow_graph.py", line 72, in email_node
    result = await agent.get_email_ids()
             ^^^^^^^^^^^^^^^^^^^^^^^^^^^
  File "/work/Projects/Hiring_Asg/Ema/SDR_Agent/Agents/EmailAgent/email_agent.py", line 19, in get_email_ids
    email_service_res = await  self.email_service.generate_email_content(
                        ^^^^^^^^^^^^^^^^^^^^^^^^^^^^^^^^^^^^^^^^^^^^^^^^^
  File "/work/Projects/Hiring_Asg/Ema/SDR_Agent/Agents/EmailAgent/email_service.py", line 88, in generate_email_content
    raise RuntimeError(
RuntimeError: LLM email content generation failed: Client error '401 Unauthorized' for url 'https://openrouter.ai/api/v1/chat/completions'
For more information check: https://developer.mozilla.org/en-US/docs/Web/HTTP/Status/401
2026-02-23 01:05:27 - ERROR - API.main - Error while running LangGraph pipeline: LLM email content generation failed: Client error '401 Unauthorized' for url 'https://openrouter.ai/api/v1/chat/completions'
For more information check: https://developer.mozilla.org/en-US/docs/Web/HTTP/Status/401
Traceback (most recent call last):
  File "/work/Projects/Hiring_Asg/Ema/SDR_Agent/Agents/EmailAgent/email_service.py", line 82, in generate_email_content
    result = await self.chat_completion(messages=[{"role": "user", "content": prompt}])
             ^^^^^^^^^^^^^^^^^^^^^^^^^^^^^^^^^^^^^^^^^^^^^^^^^^^^^^^^^^^^^^^^^^^^^^^^^^
  File "/work/Projects/Hiring_Asg/Ema/SDR_Agent/Mixins/llm_client.py", line 84, in chat_completion
    response.raise_for_status()
  File "/work/Projects/Hiring_Asg/venv312/lib/python3.12/site-packages/httpx/_models.py", line 829, in raise_for_status
    raise HTTPStatusError(message, request=request, response=self)
httpx.HTTPStatusError: Client error '401 Unauthorized' for url 'https://openrouter.ai/api/v1/chat/completions'
For more information check: https://developer.mozilla.org/en-US/docs/Web/HTTP/Status/401

The above exception was the direct cause of the following exception:

Traceback (most recent call last):
  File "/work/Projects/Hiring_Asg/Ema/SDR_Agent/API/main.py", line 128, in run_graph
    result = await graph.ainvoke(state)
            ^^^^^^^^^^^^^^^^^^^^^^^^^^
  File "/work/Projects/Hiring_Asg/venv312/lib/python3.12/site-packages/langgraph/pregel/main.py", line 3161, in ainvoke
    async for chunk in self.astream(
  File "/work/Projects/Hiring_Asg/venv312/lib/python3.12/site-packages/langgraph/pregel/main.py", line 2974, in astream
    async for _ in runner.atick(
  File "/work/Projects/Hiring_Asg/venv312/lib/python3.12/site-packages/langgraph/pregel/_runner.py", line 304, in atick
    await arun_with_retry(
  File "/work/Projects/Hiring_Asg/venv312/lib/python3.12/site-packages/langgraph/pregel/_retry.py", line 138, in arun_with_retry
    return await task.proc.ainvoke(task.input, config)
           ^^^^^^^^^^^^^^^^^^^^^^^^^^^^^^^^^^^^^^^^^^^
  File "/work/Projects/Hiring_Asg/venv312/lib/python3.12/site-packages/langgraph/_internal/_runnable.py", line 705, in ainvoke
    input = await asyncio.create_task(
            ^^^^^^^^^^^^^^^^^^^^^^^^^^
  File "/work/Projects/Hiring_Asg/venv312/lib/python3.12/site-packages/langgraph/_internal/_runnable.py", line 473, in ainvoke
    ret = await self.afunc(*args, **kwargs)
          ^^^^^^^^^^^^^^^^^^^^^^^^^^^^^^^^^
  File "/work/Projects/Hiring_Asg/Ema/SDR_Agent/Workflow/workflow_graph.py", line 27, in wrapper
    result = await func(state)
             ^^^^^^^^^^^^^^^^^
  File "/work/Projects/Hiring_Asg/Ema/SDR_Agent/Workflow/workflow_graph.py", line 72, in email_node
    result = await agent.get_email_ids()
             ^^^^^^^^^^^^^^^^^^^^^^^^^^^
  File "/work/Projects/Hiring_Asg/Ema/SDR_Agent/Agents/EmailAgent/email_agent.py", line 19, in get_email_ids
    email_service_res = await  self.email_service.generate_email_content(
                        ^^^^^^^^^^^^^^^^^^^^^^^^^^^^^^^^^^^^^^^^^^^^^^^^^
  File "/work/Projects/Hiring_Asg/Ema/SDR_Agent/Agents/EmailAgent/email_service.py", line 88, in generate_email_content
    raise RuntimeError(
RuntimeError: LLM email content generation failed: Client error '401 Unauthorized' for url 'https://openrouter.ai/api/v1/chat/completions'
For more information check: https://developer.mozilla.org/en-US/docs/Web/HTTP/Status/401
During task with name 'send_email' and id 'a2797977-dce6-7100-4deb-580775a76eb0'
2026-02-23 01:06:10 - INFO - root - ✅ Logging initialized for FastAPI app.
2026-02-23 01:06:10 - INFO - API.main - 🧠 Running LangGraph pipeline for: 'writr mail to cat'
2026-02-23 01:06:10 - INFO - Workflow.workflow_graph - [TRACE_ID=a6d610db-570f-46ba-92f8-68d873b4579b] ▶️ Entering node: intent_classifier | State keys: ['user_input', 'trace_id']
2026-02-23 01:06:10 - INFO - Utils.intent_classifier - 🧭 Classifying intent for: 'writr mail to cat'
2026-02-23 01:06:10 - INFO - Mixins.llm_client - Sending request to OpenRouter model=meta-llama/llama-3.3-70b-instruct
2026-02-23 01:06:18 - INFO - Mixins.llm_client - Received response from meta-llama/llama-3.3-70b-instruct in 8.25 seconds
2026-02-23 01:06:18 - INFO - Utils.intent_classifier - ✅ Intent classified in 8.25s | Raw response: Based on the user's message, I would classify the intent as follows:

```
{
  "intent": "send_email",
  "confidence": 0.8
}
```

The user's message "writr mail to cat" appears to be a typo or informal way of saying "write mail to cat", which suggests that they want to send an email. However, the lack of clarity and proper spelling reduces the confidence level to 0.8.
2026-02-23 01:06:18 - INFO - Mixins.text_processor - ✅ JSON extracted successfully
2026-02-23 01:06:18 - INFO - Workflow.workflow_graph - [TRACE_ID=a6d610db-570f-46ba-92f8-68d873b4579b] ✅ Node completed: intent_classifier | Duration: 8.25s
2026-02-23 01:06:18 - INFO - Workflow.workflow_graph - [TRACE_ID=029e0957-ddbe-4b74-b7ae-1dfaf88304d3] ▶️ Entering node: send_email | State keys: ['user_input', 'intent', 'confidence', 'intent_meta', 'trace_id']
2026-02-23 01:06:18 - INFO - Agents.EmailAgent.email_service - Resend API initialized successfully
2026-02-23 01:06:18 - INFO - Agents.DataQueryAgent.load_data - Data loaded successfully from Datafiles/filtered_leads.csv. Shape: (83, 88)
2026-02-23 01:06:18 - INFO - Mixins.llm_client - Sending request to OpenRouter model=meta-llama/llama-3.3-70b-instruct
2026-02-23 01:06:23 - ERROR - Agents.EmailAgent.email_service - Failed to generate email content via LLM
Traceback (most recent call last):
  File "/work/Projects/Hiring_Asg/Ema/SDR_Agent/Agents/EmailAgent/email_service.py", line 82, in generate_email_content
    result = await self.chat_completion(messages=[{"role": "user", "content": prompt}])
             ^^^^^^^^^^^^^^^^^^^^^^^^^^^^^^^^^^^^^^^^^^^^^^^^^^^^^^^^^^^^^^^^^^^^^^^^^^
  File "/work/Projects/Hiring_Asg/Ema/SDR_Agent/Mixins/llm_client.py", line 84, in chat_completion
    response.raise_for_status()
  File "/work/Projects/Hiring_Asg/venv312/lib/python3.12/site-packages/httpx/_models.py", line 829, in raise_for_status
    raise HTTPStatusError(message, request=request, response=self)
httpx.HTTPStatusError: Client error '401 Unauthorized' for url 'https://openrouter.ai/api/v1/chat/completions'
For more information check: https://developer.mozilla.org/en-US/docs/Web/HTTP/Status/401
2026-02-23 01:06:23 - ERROR - Workflow.workflow_graph - [TRACE_ID=029e0957-ddbe-4b74-b7ae-1dfaf88304d3] ❌ Error in node: send_email | Duration: 4.68s | Error: LLM email content generation failed: Client error '401 Unauthorized' for url 'https://openrouter.ai/api/v1/chat/completions'
For more information check: https://developer.mozilla.org/en-US/docs/Web/HTTP/Status/401
Traceback (most recent call last):
  File "/work/Projects/Hiring_Asg/Ema/SDR_Agent/Agents/EmailAgent/email_service.py", line 82, in generate_email_content
    result = await self.chat_completion(messages=[{"role": "user", "content": prompt}])
             ^^^^^^^^^^^^^^^^^^^^^^^^^^^^^^^^^^^^^^^^^^^^^^^^^^^^^^^^^^^^^^^^^^^^^^^^^^
  File "/work/Projects/Hiring_Asg/Ema/SDR_Agent/Mixins/llm_client.py", line 84, in chat_completion
    response.raise_for_status()
  File "/work/Projects/Hiring_Asg/venv312/lib/python3.12/site-packages/httpx/_models.py", line 829, in raise_for_status
    raise HTTPStatusError(message, request=request, response=self)
httpx.HTTPStatusError: Client error '401 Unauthorized' for url 'https://openrouter.ai/api/v1/chat/completions'
For more information check: https://developer.mozilla.org/en-US/docs/Web/HTTP/Status/401

The above exception was the direct cause of the following exception:

Traceback (most recent call last):
  File "/work/Projects/Hiring_Asg/Ema/SDR_Agent/Workflow/workflow_graph.py", line 27, in wrapper
    result = await func(state)
             ^^^^^^^^^^^^^^^^^
  File "/work/Projects/Hiring_Asg/Ema/SDR_Agent/Workflow/workflow_graph.py", line 72, in email_node
    result = await agent.get_email_ids()
             ^^^^^^^^^^^^^^^^^^^^^^^^^^^
  File "/work/Projects/Hiring_Asg/Ema/SDR_Agent/Agents/EmailAgent/email_agent.py", line 19, in get_email_ids
    email_service_res = await  self.email_service.generate_email_content(
                        ^^^^^^^^^^^^^^^^^^^^^^^^^^^^^^^^^^^^^^^^^^^^^^^^^
  File "/work/Projects/Hiring_Asg/Ema/SDR_Agent/Agents/EmailAgent/email_service.py", line 88, in generate_email_content
    raise RuntimeError(
RuntimeError: LLM email content generation failed: Client error '401 Unauthorized' for url 'https://openrouter.ai/api/v1/chat/completions'
For more information check: https://developer.mozilla.org/en-US/docs/Web/HTTP/Status/401
2026-02-23 01:06:23 - ERROR - API.main - Error while running LangGraph pipeline: LLM email content generation failed: Client error '401 Unauthorized' for url 'https://openrouter.ai/api/v1/chat/completions'
For more information check: https://developer.mozilla.org/en-US/docs/Web/HTTP/Status/401
Traceback (most recent call last):
  File "/work/Projects/Hiring_Asg/Ema/SDR_Agent/Agents/EmailAgent/email_service.py", line 82, in generate_email_content
    result = await self.chat_completion(messages=[{"role": "user", "content": prompt}])
             ^^^^^^^^^^^^^^^^^^^^^^^^^^^^^^^^^^^^^^^^^^^^^^^^^^^^^^^^^^^^^^^^^^^^^^^^^^
  File "/work/Projects/Hiring_Asg/Ema/SDR_Agent/Mixins/llm_client.py", line 84, in chat_completion
    response.raise_for_status()
  File "/work/Projects/Hiring_Asg/venv312/lib/python3.12/site-packages/httpx/_models.py", line 829, in raise_for_status
    raise HTTPStatusError(message, request=request, response=self)
httpx.HTTPStatusError: Client error '401 Unauthorized' for url 'https://openrouter.ai/api/v1/chat/completions'
For more information check: https://developer.mozilla.org/en-US/docs/Web/HTTP/Status/401

The above exception was the direct cause of the following exception:

Traceback (most recent call last):
  File "/work/Projects/Hiring_Asg/Ema/SDR_Agent/API/main.py", line 128, in run_graph
    result = await graph.ainvoke(state)
            ^^^^^^^^^^^^^^^^^^^^^^^^^^
  File "/work/Projects/Hiring_Asg/venv312/lib/python3.12/site-packages/langgraph/pregel/main.py", line 3161, in ainvoke
    async for chunk in self.astream(
  File "/work/Projects/Hiring_Asg/venv312/lib/python3.12/site-packages/langgraph/pregel/main.py", line 2974, in astream
    async for _ in runner.atick(
  File "/work/Projects/Hiring_Asg/venv312/lib/python3.12/site-packages/langgraph/pregel/_runner.py", line 304, in atick
    await arun_with_retry(
  File "/work/Projects/Hiring_Asg/venv312/lib/python3.12/site-packages/langgraph/pregel/_retry.py", line 138, in arun_with_retry
    return await task.proc.ainvoke(task.input, config)
           ^^^^^^^^^^^^^^^^^^^^^^^^^^^^^^^^^^^^^^^^^^^
  File "/work/Projects/Hiring_Asg/venv312/lib/python3.12/site-packages/langgraph/_internal/_runnable.py", line 705, in ainvoke
    input = await asyncio.create_task(
            ^^^^^^^^^^^^^^^^^^^^^^^^^^
  File "/work/Projects/Hiring_Asg/venv312/lib/python3.12/site-packages/langgraph/_internal/_runnable.py", line 473, in ainvoke
    ret = await self.afunc(*args, **kwargs)
          ^^^^^^^^^^^^^^^^^^^^^^^^^^^^^^^^^
  File "/work/Projects/Hiring_Asg/Ema/SDR_Agent/Workflow/workflow_graph.py", line 27, in wrapper
    result = await func(state)
             ^^^^^^^^^^^^^^^^^
  File "/work/Projects/Hiring_Asg/Ema/SDR_Agent/Workflow/workflow_graph.py", line 72, in email_node
    result = await agent.get_email_ids()
             ^^^^^^^^^^^^^^^^^^^^^^^^^^^
  File "/work/Projects/Hiring_Asg/Ema/SDR_Agent/Agents/EmailAgent/email_agent.py", line 19, in get_email_ids
    email_service_res = await  self.email_service.generate_email_content(
                        ^^^^^^^^^^^^^^^^^^^^^^^^^^^^^^^^^^^^^^^^^^^^^^^^^
  File "/work/Projects/Hiring_Asg/Ema/SDR_Agent/Agents/EmailAgent/email_service.py", line 88, in generate_email_content
    raise RuntimeError(
RuntimeError: LLM email content generation failed: Client error '401 Unauthorized' for url 'https://openrouter.ai/api/v1/chat/completions'
For more information check: https://developer.mozilla.org/en-US/docs/Web/HTTP/Status/401
During task with name 'send_email' and id 'f79d97da-8833-e759-ca52-665ad46b52b3'
2026-02-23 01:06:49 - INFO - root - ✅ Logging initialized for FastAPI app.
2026-02-23 01:10:06 - INFO - root - ✅ Logging initialized for FastAPI app.
2026-02-23 01:10:06 - INFO - API.main - 🧠 Running LangGraph pipeline for: 'writr mail to cat'
2026-02-23 01:10:06 - INFO - Workflow.workflow_graph - [TRACE_ID=63d85430-bdee-410c-913b-8c1d07710f5e] ▶️ Entering node: intent_classifier | State keys: ['user_input', 'trace_id']
2026-02-23 01:10:06 - INFO - Utils.intent_classifier - 🧭 Classifying intent for: 'writr mail to cat'
2026-02-23 01:10:06 - INFO - Mixins.llm_client - Sending request to OpenRouter model=meta-llama/llama-3.3-70b-instruct
2026-02-23 01:10:08 - INFO - Mixins.llm_client - Received response from meta-llama/llama-3.3-70b-instruct in 1.50 seconds
2026-02-23 01:10:08 - INFO - Utils.intent_classifier - ✅ Intent classified in 1.51s | Raw response: Based on the user's message, I would classify the intent as follows:

```
{
  "intent": "send_email",
  "confidence": 0.8
}
```

The user's message "writr mail to cat" seems to be a typo or informal way of saying "write mail to cat", which implies that the user wants to send an email. However, the confidence level is not 1.0 because the message is not clear and contains typos, which
2026-02-23 01:10:08 - INFO - Mixins.text_processor - ✅ JSON extracted successfully
2026-02-23 01:10:08 - INFO - Workflow.workflow_graph - [TRACE_ID=63d85430-bdee-410c-913b-8c1d07710f5e] ✅ Node completed: intent_classifier | Duration: 1.51s
2026-02-23 01:10:08 - INFO - Workflow.workflow_graph - [TRACE_ID=ac53689f-2cd2-411b-a80c-35bb7fd8c237] ▶️ Entering node: send_email | State keys: ['user_input', 'intent', 'confidence', 'intent_meta', 'trace_id']
2026-02-23 01:10:08 - INFO - Agents.EmailAgent.email_service - Resend API initialized successfully
2026-02-23 01:10:08 - INFO - Agents.DataQueryAgent.load_data - Data loaded successfully from Datafiles/filtered_leads.csv. Shape: (83, 88)
2026-02-23 01:10:08 - INFO - Agents.EmailAgent.email_service - Generating email content via LLM with provided context and information.
2026-02-23 01:10:08 - INFO - Mixins.llm_client - Sending request to OpenRouter model=meta-llama/llama-3.3-70b-instruct
2026-02-23 01:10:08 - ERROR - Agents.EmailAgent.email_service - Failed to generate email content via LLM
Traceback (most recent call last):
  File "/work/Projects/Hiring_Asg/Ema/SDR_Agent/Agents/EmailAgent/email_service.py", line 83, in generate_email_content
    result = await self.chat_completion(messages=[{"role": "user", "content": prompt}])
             ^^^^^^^^^^^^^^^^^^^^^^^^^^^^^^^^^^^^^^^^^^^^^^^^^^^^^^^^^^^^^^^^^^^^^^^^^^
  File "/work/Projects/Hiring_Asg/Ema/SDR_Agent/Mixins/llm_client.py", line 84, in chat_completion
    response.raise_for_status()
  File "/work/Projects/Hiring_Asg/venv312/lib/python3.12/site-packages/httpx/_models.py", line 829, in raise_for_status
    raise HTTPStatusError(message, request=request, response=self)
httpx.HTTPStatusError: Client error '401 Unauthorized' for url 'https://openrouter.ai/api/v1/chat/completions'
For more information check: https://developer.mozilla.org/en-US/docs/Web/HTTP/Status/401
2026-02-23 01:10:08 - ERROR - Workflow.workflow_graph - [TRACE_ID=ac53689f-2cd2-411b-a80c-35bb7fd8c237] ❌ Error in node: send_email | Duration: 0.13s | Error: LLM email content generation failed: Client error '401 Unauthorized' for url 'https://openrouter.ai/api/v1/chat/completions'
For more information check: https://developer.mozilla.org/en-US/docs/Web/HTTP/Status/401
Traceback (most recent call last):
  File "/work/Projects/Hiring_Asg/Ema/SDR_Agent/Agents/EmailAgent/email_service.py", line 83, in generate_email_content
    result = await self.chat_completion(messages=[{"role": "user", "content": prompt}])
             ^^^^^^^^^^^^^^^^^^^^^^^^^^^^^^^^^^^^^^^^^^^^^^^^^^^^^^^^^^^^^^^^^^^^^^^^^^
  File "/work/Projects/Hiring_Asg/Ema/SDR_Agent/Mixins/llm_client.py", line 84, in chat_completion
    response.raise_for_status()
  File "/work/Projects/Hiring_Asg/venv312/lib/python3.12/site-packages/httpx/_models.py", line 829, in raise_for_status
    raise HTTPStatusError(message, request=request, response=self)
httpx.HTTPStatusError: Client error '401 Unauthorized' for url 'https://openrouter.ai/api/v1/chat/completions'
For more information check: https://developer.mozilla.org/en-US/docs/Web/HTTP/Status/401

The above exception was the direct cause of the following exception:

Traceback (most recent call last):
  File "/work/Projects/Hiring_Asg/Ema/SDR_Agent/Workflow/workflow_graph.py", line 27, in wrapper
    result = await func(state)
             ^^^^^^^^^^^^^^^^^
  File "/work/Projects/Hiring_Asg/Ema/SDR_Agent/Workflow/workflow_graph.py", line 72, in email_node
    result = await agent.get_email_ids()
             ^^^^^^^^^^^^^^^^^^^^^^^^^^^
  File "/work/Projects/Hiring_Asg/Ema/SDR_Agent/Agents/EmailAgent/email_agent.py", line 19, in get_email_ids
    email_service_res = await  self.email_service.generate_email_content(
                        ^^^^^^^^^^^^^^^^^^^^^^^^^^^^^^^^^^^^^^^^^^^^^^^^^
  File "/work/Projects/Hiring_Asg/Ema/SDR_Agent/Agents/EmailAgent/email_service.py", line 89, in generate_email_content
    raise RuntimeError(
RuntimeError: LLM email content generation failed: Client error '401 Unauthorized' for url 'https://openrouter.ai/api/v1/chat/completions'
For more information check: https://developer.mozilla.org/en-US/docs/Web/HTTP/Status/401
2026-02-23 01:10:08 - ERROR - API.main - Error while running LangGraph pipeline: LLM email content generation failed: Client error '401 Unauthorized' for url 'https://openrouter.ai/api/v1/chat/completions'
For more information check: https://developer.mozilla.org/en-US/docs/Web/HTTP/Status/401
Traceback (most recent call last):
  File "/work/Projects/Hiring_Asg/Ema/SDR_Agent/Agents/EmailAgent/email_service.py", line 83, in generate_email_content
    result = await self.chat_completion(messages=[{"role": "user", "content": prompt}])
             ^^^^^^^^^^^^^^^^^^^^^^^^^^^^^^^^^^^^^^^^^^^^^^^^^^^^^^^^^^^^^^^^^^^^^^^^^^
  File "/work/Projects/Hiring_Asg/Ema/SDR_Agent/Mixins/llm_client.py", line 84, in chat_completion
    response.raise_for_status()
  File "/work/Projects/Hiring_Asg/venv312/lib/python3.12/site-packages/httpx/_models.py", line 829, in raise_for_status
    raise HTTPStatusError(message, request=request, response=self)
httpx.HTTPStatusError: Client error '401 Unauthorized' for url 'https://openrouter.ai/api/v1/chat/completions'
For more information check: https://developer.mozilla.org/en-US/docs/Web/HTTP/Status/401

The above exception was the direct cause of the following exception:

Traceback (most recent call last):
  File "/work/Projects/Hiring_Asg/Ema/SDR_Agent/API/main.py", line 128, in run_graph
    result = await graph.ainvoke(state)
            ^^^^^^^^^^^^^^^^^^^^^^^^^^
  File "/work/Projects/Hiring_Asg/venv312/lib/python3.12/site-packages/langgraph/pregel/main.py", line 3161, in ainvoke
    async for chunk in self.astream(
  File "/work/Projects/Hiring_Asg/venv312/lib/python3.12/site-packages/langgraph/pregel/main.py", line 2974, in astream
    async for _ in runner.atick(
  File "/work/Projects/Hiring_Asg/venv312/lib/python3.12/site-packages/langgraph/pregel/_runner.py", line 304, in atick
    await arun_with_retry(
  File "/work/Projects/Hiring_Asg/venv312/lib/python3.12/site-packages/langgraph/pregel/_retry.py", line 138, in arun_with_retry
    return await task.proc.ainvoke(task.input, config)
           ^^^^^^^^^^^^^^^^^^^^^^^^^^^^^^^^^^^^^^^^^^^
  File "/work/Projects/Hiring_Asg/venv312/lib/python3.12/site-packages/langgraph/_internal/_runnable.py", line 705, in ainvoke
    input = await asyncio.create_task(
            ^^^^^^^^^^^^^^^^^^^^^^^^^^
  File "/work/Projects/Hiring_Asg/venv312/lib/python3.12/site-packages/langgraph/_internal/_runnable.py", line 473, in ainvoke
    ret = await self.afunc(*args, **kwargs)
          ^^^^^^^^^^^^^^^^^^^^^^^^^^^^^^^^^
  File "/work/Projects/Hiring_Asg/Ema/SDR_Agent/Workflow/workflow_graph.py", line 27, in wrapper
    result = await func(state)
             ^^^^^^^^^^^^^^^^^
  File "/work/Projects/Hiring_Asg/Ema/SDR_Agent/Workflow/workflow_graph.py", line 72, in email_node
    result = await agent.get_email_ids()
             ^^^^^^^^^^^^^^^^^^^^^^^^^^^
  File "/work/Projects/Hiring_Asg/Ema/SDR_Agent/Agents/EmailAgent/email_agent.py", line 19, in get_email_ids
    email_service_res = await  self.email_service.generate_email_content(
                        ^^^^^^^^^^^^^^^^^^^^^^^^^^^^^^^^^^^^^^^^^^^^^^^^^
  File "/work/Projects/Hiring_Asg/Ema/SDR_Agent/Agents/EmailAgent/email_service.py", line 89, in generate_email_content
    raise RuntimeError(
RuntimeError: LLM email content generation failed: Client error '401 Unauthorized' for url 'https://openrouter.ai/api/v1/chat/completions'
For more information check: https://developer.mozilla.org/en-US/docs/Web/HTTP/Status/401
During task with name 'send_email' and id '07a54f72-f49f-3dec-13c8-e2803cbbcb13'
2026-02-23 01:10:18 - INFO - root - ✅ Logging initialized for FastAPI app.
2026-02-23 01:10:19 - INFO - API.main - 🧠 Running LangGraph pipeline for: 'writr mail to cat'
2026-02-23 01:10:19 - INFO - Workflow.workflow_graph - [TRACE_ID=cfc4ff0a-5860-47d6-9dce-ac0fd57b6197] ▶️ Entering node: intent_classifier | State keys: ['user_input', 'trace_id']
2026-02-23 01:10:19 - INFO - Utils.intent_classifier - 🧭 Classifying intent for: 'writr mail to cat'
2026-02-23 01:10:19 - INFO - Mixins.llm_client - Sending request to OpenRouter model=meta-llama/llama-3.3-70b-instruct
2026-02-23 01:10:21 - INFO - Mixins.llm_client - Received response from meta-llama/llama-3.3-70b-instruct in 1.26 seconds
2026-02-23 01:10:21 - INFO - Utils.intent_classifier - ✅ Intent classified in 1.26s | Raw response: Based on the user's message, I would classify the intent as follows:

```
{
  "intent": "send_email",
  "confidence": 0.8
}
```

The user's message "writr mail to cat" seems to be a typo or informal way of saying "write mail to cat", which implies that the user wants to send an email. However, the confidence level is not 1 because the message is not clear and the word "cat" is not
2026-02-23 01:10:21 - INFO - Mixins.text_processor - ✅ JSON extracted successfully
2026-02-23 01:10:21 - INFO - Workflow.workflow_graph - [TRACE_ID=cfc4ff0a-5860-47d6-9dce-ac0fd57b6197] ✅ Node completed: intent_classifier | Duration: 1.26s
2026-02-23 01:10:21 - INFO - Workflow.workflow_graph - [TRACE_ID=d8dbff72-d095-4d55-afef-cc61446fde00] ▶️ Entering node: send_email | State keys: ['user_input', 'intent', 'confidence', 'intent_meta', 'trace_id']
2026-02-23 01:10:21 - INFO - Agents.EmailAgent.email_service - Resend API initialized successfully
2026-02-23 01:10:21 - INFO - Agents.DataQueryAgent.load_data - Data loaded successfully from Datafiles/filtered_leads.csv. Shape: (83, 88)
2026-02-23 01:10:21 - INFO - Agents.EmailAgent.email_service - Generating email content via LLM with provided context and information.
2026-02-23 01:10:21 - INFO - Mixins.llm_client - Sending request to OpenRouter model=meta-llama/llama-3.3-70b-instruct
2026-02-23 01:10:21 - ERROR - Agents.EmailAgent.email_service - Failed to generate email content via LLM
Traceback (most recent call last):
  File "/work/Projects/Hiring_Asg/Ema/SDR_Agent/Agents/EmailAgent/email_service.py", line 83, in generate_email_content
    result = await self.chat_completion(messages=[{"role": "user", "content": prompt}])
             ^^^^^^^^^^^^^^^^^^^^^^^^^^^^^^^^^^^^^^^^^^^^^^^^^^^^^^^^^^^^^^^^^^^^^^^^^^
  File "/work/Projects/Hiring_Asg/Ema/SDR_Agent/Mixins/llm_client.py", line 84, in chat_completion
    response.raise_for_status()
  File "/work/Projects/Hiring_Asg/venv312/lib/python3.12/site-packages/httpx/_models.py", line 829, in raise_for_status
    raise HTTPStatusError(message, request=request, response=self)
httpx.HTTPStatusError: Client error '401 Unauthorized' for url 'https://openrouter.ai/api/v1/chat/completions'
For more information check: https://developer.mozilla.org/en-US/docs/Web/HTTP/Status/401
2026-02-23 01:10:21 - ERROR - Workflow.workflow_graph - [TRACE_ID=d8dbff72-d095-4d55-afef-cc61446fde00] ❌ Error in node: send_email | Duration: 0.15s | Error: LLM email content generation failed: Client error '401 Unauthorized' for url 'https://openrouter.ai/api/v1/chat/completions'
For more information check: https://developer.mozilla.org/en-US/docs/Web/HTTP/Status/401
Traceback (most recent call last):
  File "/work/Projects/Hiring_Asg/Ema/SDR_Agent/Agents/EmailAgent/email_service.py", line 83, in generate_email_content
    result = await self.chat_completion(messages=[{"role": "user", "content": prompt}])
             ^^^^^^^^^^^^^^^^^^^^^^^^^^^^^^^^^^^^^^^^^^^^^^^^^^^^^^^^^^^^^^^^^^^^^^^^^^
  File "/work/Projects/Hiring_Asg/Ema/SDR_Agent/Mixins/llm_client.py", line 84, in chat_completion
    response.raise_for_status()
  File "/work/Projects/Hiring_Asg/venv312/lib/python3.12/site-packages/httpx/_models.py", line 829, in raise_for_status
    raise HTTPStatusError(message, request=request, response=self)
httpx.HTTPStatusError: Client error '401 Unauthorized' for url 'https://openrouter.ai/api/v1/chat/completions'
For more information check: https://developer.mozilla.org/en-US/docs/Web/HTTP/Status/401

The above exception was the direct cause of the following exception:

Traceback (most recent call last):
  File "/work/Projects/Hiring_Asg/Ema/SDR_Agent/Workflow/workflow_graph.py", line 27, in wrapper
    result = await func(state)
             ^^^^^^^^^^^^^^^^^
  File "/work/Projects/Hiring_Asg/Ema/SDR_Agent/Workflow/workflow_graph.py", line 72, in email_node
    result = await agent.get_email_ids()
             ^^^^^^^^^^^^^^^^^^^^^^^^^^^
  File "/work/Projects/Hiring_Asg/Ema/SDR_Agent/Agents/EmailAgent/email_agent.py", line 19, in get_email_ids
    email_service_res = await  self.email_service.generate_email_content(
                        ^^^^^^^^^^^^^^^^^^^^^^^^^^^^^^^^^^^^^^^^^^^^^^^^^
  File "/work/Projects/Hiring_Asg/Ema/SDR_Agent/Agents/EmailAgent/email_service.py", line 89, in generate_email_content
    raise RuntimeError(
RuntimeError: LLM email content generation failed: Client error '401 Unauthorized' for url 'https://openrouter.ai/api/v1/chat/completions'
For more information check: https://developer.mozilla.org/en-US/docs/Web/HTTP/Status/401
2026-02-23 01:10:21 - ERROR - API.main - Error while running LangGraph pipeline: LLM email content generation failed: Client error '401 Unauthorized' for url 'https://openrouter.ai/api/v1/chat/completions'
For more information check: https://developer.mozilla.org/en-US/docs/Web/HTTP/Status/401
Traceback (most recent call last):
  File "/work/Projects/Hiring_Asg/Ema/SDR_Agent/Agents/EmailAgent/email_service.py", line 83, in generate_email_content
    result = await self.chat_completion(messages=[{"role": "user", "content": prompt}])
             ^^^^^^^^^^^^^^^^^^^^^^^^^^^^^^^^^^^^^^^^^^^^^^^^^^^^^^^^^^^^^^^^^^^^^^^^^^
  File "/work/Projects/Hiring_Asg/Ema/SDR_Agent/Mixins/llm_client.py", line 84, in chat_completion
    response.raise_for_status()
  File "/work/Projects/Hiring_Asg/venv312/lib/python3.12/site-packages/httpx/_models.py", line 829, in raise_for_status
    raise HTTPStatusError(message, request=request, response=self)
httpx.HTTPStatusError: Client error '401 Unauthorized' for url 'https://openrouter.ai/api/v1/chat/completions'
For more information check: https://developer.mozilla.org/en-US/docs/Web/HTTP/Status/401

The above exception was the direct cause of the following exception:

Traceback (most recent call last):
  File "/work/Projects/Hiring_Asg/Ema/SDR_Agent/API/main.py", line 128, in run_graph
    result = await graph.ainvoke(state)
            ^^^^^^^^^^^^^^^^^^^^^^^^^^
  File "/work/Projects/Hiring_Asg/venv312/lib/python3.12/site-packages/langgraph/pregel/main.py", line 3161, in ainvoke
    async for chunk in self.astream(
  File "/work/Projects/Hiring_Asg/venv312/lib/python3.12/site-packages/langgraph/pregel/main.py", line 2974, in astream
    async for _ in runner.atick(
  File "/work/Projects/Hiring_Asg/venv312/lib/python3.12/site-packages/langgraph/pregel/_runner.py", line 304, in atick
    await arun_with_retry(
  File "/work/Projects/Hiring_Asg/venv312/lib/python3.12/site-packages/langgraph/pregel/_retry.py", line 138, in arun_with_retry
    return await task.proc.ainvoke(task.input, config)
           ^^^^^^^^^^^^^^^^^^^^^^^^^^^^^^^^^^^^^^^^^^^
  File "/work/Projects/Hiring_Asg/venv312/lib/python3.12/site-packages/langgraph/_internal/_runnable.py", line 705, in ainvoke
    input = await asyncio.create_task(
            ^^^^^^^^^^^^^^^^^^^^^^^^^^
  File "/work/Projects/Hiring_Asg/venv312/lib/python3.12/site-packages/langgraph/_internal/_runnable.py", line 473, in ainvoke
    ret = await self.afunc(*args, **kwargs)
          ^^^^^^^^^^^^^^^^^^^^^^^^^^^^^^^^^
  File "/work/Projects/Hiring_Asg/Ema/SDR_Agent/Workflow/workflow_graph.py", line 27, in wrapper
    result = await func(state)
             ^^^^^^^^^^^^^^^^^
  File "/work/Projects/Hiring_Asg/Ema/SDR_Agent/Workflow/workflow_graph.py", line 72, in email_node
    result = await agent.get_email_ids()
             ^^^^^^^^^^^^^^^^^^^^^^^^^^^
  File "/work/Projects/Hiring_Asg/Ema/SDR_Agent/Agents/EmailAgent/email_agent.py", line 19, in get_email_ids
    email_service_res = await  self.email_service.generate_email_content(
                        ^^^^^^^^^^^^^^^^^^^^^^^^^^^^^^^^^^^^^^^^^^^^^^^^^
  File "/work/Projects/Hiring_Asg/Ema/SDR_Agent/Agents/EmailAgent/email_service.py", line 89, in generate_email_content
    raise RuntimeError(
RuntimeError: LLM email content generation failed: Client error '401 Unauthorized' for url 'https://openrouter.ai/api/v1/chat/completions'
For more information check: https://developer.mozilla.org/en-US/docs/Web/HTTP/Status/401
During task with name 'send_email' and id 'fbf223e2-8289-12e4-9915-9dc5971bd2ad'
2026-02-23 01:11:28 - INFO - root - ✅ Logging initialized for FastAPI app.
2026-02-23 01:11:30 - INFO - root - ✅ Logging initialized for FastAPI app.
2026-02-23 01:11:33 - INFO - API.main - 🧠 Running LangGraph pipeline for: 'writr mail to cat'
2026-02-23 01:11:33 - INFO - Workflow.workflow_graph - [TRACE_ID=1fffa77d-d684-4794-bdc8-fe029143a0c1] ▶️ Entering node: intent_classifier | State keys: ['user_input', 'trace_id']
2026-02-23 01:11:33 - INFO - Utils.intent_classifier - 🧭 Classifying intent for: 'writr mail to cat'
2026-02-23 01:11:33 - INFO - Mixins.llm_client - Sending request to OpenRouter model=meta-llama/llama-3.3-70b-instruct
2026-02-23 01:11:34 - INFO - Mixins.llm_client - Received response from meta-llama/llama-3.3-70b-instruct in 1.22 seconds
2026-02-23 01:11:34 - INFO - Utils.intent_classifier - ✅ Intent classified in 1.22s | Raw response: Based on the user's message, I would classify the intent as follows:

```
{
  "intent": "send_email",
  "confidence": 0.8
}
```

The user's message "writr mail to cat" appears to be a typo or informal way of saying "write mail to cat", which suggests that the user wants to send an email. However, the lack of clarity and proper spelling reduces the confidence level to 0.8.
2026-02-23 01:11:34 - INFO - Mixins.text_processor - ✅ JSON extracted successfully
2026-02-23 01:11:34 - INFO - Workflow.workflow_graph - [TRACE_ID=1fffa77d-d684-4794-bdc8-fe029143a0c1] ✅ Node completed: intent_classifier | Duration: 1.22s
2026-02-23 01:11:34 - INFO - Workflow.workflow_graph - [TRACE_ID=bedd4806-546f-41cb-a51d-0a2b09dc54dc] ▶️ Entering node: send_email | State keys: ['user_input', 'intent', 'confidence', 'intent_meta', 'trace_id']
2026-02-23 01:11:34 - INFO - Agents.EmailAgent.email_service - Resend API initialized successfully
2026-02-23 01:11:34 - INFO - Agents.DataQueryAgent.load_data - Data loaded successfully from Datafiles/filtered_leads.csv. Shape: (83, 88)
2026-02-23 01:11:34 - INFO - Agents.EmailAgent.email_service - Generating email content via LLM with provided context and information.
2026-02-23 01:11:34 - INFO - Mixins.llm_client - Sending request to OpenRouter model=meta-llama/llama-3.3-70b-instruct
2026-02-23 01:11:34 - ERROR - Agents.EmailAgent.email_service - Failed to generate email content via LLM
Traceback (most recent call last):
  File "/work/Projects/Hiring_Asg/Ema/SDR_Agent/Agents/EmailAgent/email_service.py", line 83, in generate_email_content
    result = await self.chat_completion(messages=[{"role": "user", "content": "Say hi"}])
             ^^^^^^^^^^^^^^^^^^^^^^^^^^^^^^^^^^^^^^^^^^^^^^^^^^^^^^^^^^^^^^^^^^^^^^^^^^^^
  File "/work/Projects/Hiring_Asg/Ema/SDR_Agent/Mixins/llm_client.py", line 84, in chat_completion
    response.raise_for_status()
  File "/work/Projects/Hiring_Asg/venv312/lib/python3.12/site-packages/httpx/_models.py", line 829, in raise_for_status
    raise HTTPStatusError(message, request=request, response=self)
httpx.HTTPStatusError: Client error '401 Unauthorized' for url 'https://openrouter.ai/api/v1/chat/completions'
For more information check: https://developer.mozilla.org/en-US/docs/Web/HTTP/Status/401
2026-02-23 01:11:34 - ERROR - Workflow.workflow_graph - [TRACE_ID=bedd4806-546f-41cb-a51d-0a2b09dc54dc] ❌ Error in node: send_email | Duration: 0.10s | Error: LLM email content generation failed: Client error '401 Unauthorized' for url 'https://openrouter.ai/api/v1/chat/completions'
For more information check: https://developer.mozilla.org/en-US/docs/Web/HTTP/Status/401
Traceback (most recent call last):
  File "/work/Projects/Hiring_Asg/Ema/SDR_Agent/Agents/EmailAgent/email_service.py", line 83, in generate_email_content
    result = await self.chat_completion(messages=[{"role": "user", "content": "Say hi"}])
             ^^^^^^^^^^^^^^^^^^^^^^^^^^^^^^^^^^^^^^^^^^^^^^^^^^^^^^^^^^^^^^^^^^^^^^^^^^^^
  File "/work/Projects/Hiring_Asg/Ema/SDR_Agent/Mixins/llm_client.py", line 84, in chat_completion
    response.raise_for_status()
  File "/work/Projects/Hiring_Asg/venv312/lib/python3.12/site-packages/httpx/_models.py", line 829, in raise_for_status
    raise HTTPStatusError(message, request=request, response=self)
httpx.HTTPStatusError: Client error '401 Unauthorized' for url 'https://openrouter.ai/api/v1/chat/completions'
For more information check: https://developer.mozilla.org/en-US/docs/Web/HTTP/Status/401

The above exception was the direct cause of the following exception:

Traceback (most recent call last):
  File "/work/Projects/Hiring_Asg/Ema/SDR_Agent/Workflow/workflow_graph.py", line 27, in wrapper
    result = await func(state)
             ^^^^^^^^^^^^^^^^^
  File "/work/Projects/Hiring_Asg/Ema/SDR_Agent/Workflow/workflow_graph.py", line 72, in email_node
    result = await agent.get_email_ids()
             ^^^^^^^^^^^^^^^^^^^^^^^^^^^
  File "/work/Projects/Hiring_Asg/Ema/SDR_Agent/Agents/EmailAgent/email_agent.py", line 19, in get_email_ids
    email_service_res = await  self.email_service.generate_email_content(
                        ^^^^^^^^^^^^^^^^^^^^^^^^^^^^^^^^^^^^^^^^^^^^^^^^^
  File "/work/Projects/Hiring_Asg/Ema/SDR_Agent/Agents/EmailAgent/email_service.py", line 89, in generate_email_content
    raise RuntimeError(
RuntimeError: LLM email content generation failed: Client error '401 Unauthorized' for url 'https://openrouter.ai/api/v1/chat/completions'
For more information check: https://developer.mozilla.org/en-US/docs/Web/HTTP/Status/401
2026-02-23 01:11:34 - ERROR - API.main - Error while running LangGraph pipeline: LLM email content generation failed: Client error '401 Unauthorized' for url 'https://openrouter.ai/api/v1/chat/completions'
For more information check: https://developer.mozilla.org/en-US/docs/Web/HTTP/Status/401
Traceback (most recent call last):
  File "/work/Projects/Hiring_Asg/Ema/SDR_Agent/Agents/EmailAgent/email_service.py", line 83, in generate_email_content
    result = await self.chat_completion(messages=[{"role": "user", "content": "Say hi"}])
             ^^^^^^^^^^^^^^^^^^^^^^^^^^^^^^^^^^^^^^^^^^^^^^^^^^^^^^^^^^^^^^^^^^^^^^^^^^^^
  File "/work/Projects/Hiring_Asg/Ema/SDR_Agent/Mixins/llm_client.py", line 84, in chat_completion
    response.raise_for_status()
  File "/work/Projects/Hiring_Asg/venv312/lib/python3.12/site-packages/httpx/_models.py", line 829, in raise_for_status
    raise HTTPStatusError(message, request=request, response=self)
httpx.HTTPStatusError: Client error '401 Unauthorized' for url 'https://openrouter.ai/api/v1/chat/completions'
For more information check: https://developer.mozilla.org/en-US/docs/Web/HTTP/Status/401

The above exception was the direct cause of the following exception:

Traceback (most recent call last):
  File "/work/Projects/Hiring_Asg/Ema/SDR_Agent/API/main.py", line 128, in run_graph
    result = await graph.ainvoke(state)
            ^^^^^^^^^^^^^^^^^^^^^^^^^^
  File "/work/Projects/Hiring_Asg/venv312/lib/python3.12/site-packages/langgraph/pregel/main.py", line 3161, in ainvoke
    async for chunk in self.astream(
  File "/work/Projects/Hiring_Asg/venv312/lib/python3.12/site-packages/langgraph/pregel/main.py", line 2974, in astream
    async for _ in runner.atick(
  File "/work/Projects/Hiring_Asg/venv312/lib/python3.12/site-packages/langgraph/pregel/_runner.py", line 304, in atick
    await arun_with_retry(
  File "/work/Projects/Hiring_Asg/venv312/lib/python3.12/site-packages/langgraph/pregel/_retry.py", line 138, in arun_with_retry
    return await task.proc.ainvoke(task.input, config)
           ^^^^^^^^^^^^^^^^^^^^^^^^^^^^^^^^^^^^^^^^^^^
  File "/work/Projects/Hiring_Asg/venv312/lib/python3.12/site-packages/langgraph/_internal/_runnable.py", line 705, in ainvoke
    input = await asyncio.create_task(
            ^^^^^^^^^^^^^^^^^^^^^^^^^^
  File "/work/Projects/Hiring_Asg/venv312/lib/python3.12/site-packages/langgraph/_internal/_runnable.py", line 473, in ainvoke
    ret = await self.afunc(*args, **kwargs)
          ^^^^^^^^^^^^^^^^^^^^^^^^^^^^^^^^^
  File "/work/Projects/Hiring_Asg/Ema/SDR_Agent/Workflow/workflow_graph.py", line 27, in wrapper
    result = await func(state)
             ^^^^^^^^^^^^^^^^^
  File "/work/Projects/Hiring_Asg/Ema/SDR_Agent/Workflow/workflow_graph.py", line 72, in email_node
    result = await agent.get_email_ids()
             ^^^^^^^^^^^^^^^^^^^^^^^^^^^
  File "/work/Projects/Hiring_Asg/Ema/SDR_Agent/Agents/EmailAgent/email_agent.py", line 19, in get_email_ids
    email_service_res = await  self.email_service.generate_email_content(
                        ^^^^^^^^^^^^^^^^^^^^^^^^^^^^^^^^^^^^^^^^^^^^^^^^^
  File "/work/Projects/Hiring_Asg/Ema/SDR_Agent/Agents/EmailAgent/email_service.py", line 89, in generate_email_content
    raise RuntimeError(
RuntimeError: LLM email content generation failed: Client error '401 Unauthorized' for url 'https://openrouter.ai/api/v1/chat/completions'
For more information check: https://developer.mozilla.org/en-US/docs/Web/HTTP/Status/401
During task with name 'send_email' and id 'de8656d3-e786-88f5-939a-2ce694db4794'
2026-02-23 01:12:22 - INFO - root - ✅ Logging initialized for FastAPI app.
2026-02-23 01:12:23 - INFO - root - ✅ Logging initialized for FastAPI app.
2026-02-23 01:12:29 - INFO - root - ✅ Logging initialized for FastAPI app.
2026-02-23 01:12:31 - INFO - root - ✅ Logging initialized for FastAPI app.
2026-02-23 01:12:33 - INFO - API.main - 🧠 Running LangGraph pipeline for: 'writr mail to cat'
2026-02-23 01:12:33 - INFO - Workflow.workflow_graph - [TRACE_ID=04794712-d7b3-4f38-a7d3-ae51f1dc231b] ▶️ Entering node: intent_classifier | State keys: ['user_input', 'trace_id']
2026-02-23 01:12:33 - INFO - Utils.intent_classifier - 🧭 Classifying intent for: 'writr mail to cat'
2026-02-23 01:12:33 - INFO - Mixins.llm_client - Sending request to OpenRouter model=meta-llama/llama-3.3-70b-instruct
2026-02-23 01:12:42 - INFO - Mixins.llm_client - Received response from meta-llama/llama-3.3-70b-instruct in 9.50 seconds
2026-02-23 01:12:42 - INFO - Utils.intent_classifier - ✅ Intent classified in 9.50s | Raw response: Based on the user's message, I would classify the intent as follows:

```
{
  "intent": "send_email",
  "confidence": 0.8
}
```

The user's message "writr mail to cat" seems to be a typo or informal way of saying "write mail to cat", which implies that the user wants to send an email. However, the confidence level is not 1.0 because the message is not clearly written and the recipient "cat
2026-02-23 01:12:42 - INFO - Mixins.text_processor - ✅ JSON extracted successfully
2026-02-23 01:12:42 - INFO - Workflow.workflow_graph - [TRACE_ID=04794712-d7b3-4f38-a7d3-ae51f1dc231b] ✅ Node completed: intent_classifier | Duration: 9.50s
2026-02-23 01:12:42 - INFO - Workflow.workflow_graph - [TRACE_ID=26a3ef83-3aad-4035-a5f8-2f832e82a729] ▶️ Entering node: send_email | State keys: ['user_input', 'intent', 'confidence', 'intent_meta', 'trace_id']
2026-02-23 01:12:42 - INFO - Agents.EmailAgent.email_service - Resend API initialized successfully
2026-02-23 01:12:42 - INFO - Agents.DataQueryAgent.load_data - Data loaded successfully from Datafiles/filtered_leads.csv. Shape: (83, 88)
2026-02-23 01:12:42 - INFO - Agents.EmailAgent.email_service - Generating email content via LLM with provided context and information.
2026-02-23 01:12:42 - INFO - Mixins.llm_client - Sending request to OpenRouter model=meta-llama/llama-3.3-70b-instruct
2026-02-23 01:12:42 - ERROR - Agents.EmailAgent.email_service - Failed to generate email content via LLM
Traceback (most recent call last):
  File "/work/Projects/Hiring_Asg/Ema/SDR_Agent/Agents/EmailAgent/email_service.py", line 83, in generate_email_content
    result = await self.chat_completion(messages=[{"role": "user", "content": "Say hi"}])
             ^^^^^^^^^^^^^^^^^^^^^^^^^^^^^^^^^^^^^^^^^^^^^^^^^^^^^^^^^^^^^^^^^^^^^^^^^^^^
  File "/work/Projects/Hiring_Asg/Ema/SDR_Agent/Mixins/llm_client.py", line 84, in chat_completion
    response.raise_for_status()
  File "/work/Projects/Hiring_Asg/venv312/lib/python3.12/site-packages/httpx/_models.py", line 829, in raise_for_status
    raise HTTPStatusError(message, request=request, response=self)
httpx.HTTPStatusError: Client error '401 Unauthorized' for url 'https://openrouter.ai/api/v1/chat/completions'
For more information check: https://developer.mozilla.org/en-US/docs/Web/HTTP/Status/401
2026-02-23 01:12:42 - ERROR - Workflow.workflow_graph - [TRACE_ID=26a3ef83-3aad-4035-a5f8-2f832e82a729] ❌ Error in node: send_email | Duration: 0.10s | Error: LLM email content generation failed: Client error '401 Unauthorized' for url 'https://openrouter.ai/api/v1/chat/completions'
For more information check: https://developer.mozilla.org/en-US/docs/Web/HTTP/Status/401
Traceback (most recent call last):
  File "/work/Projects/Hiring_Asg/Ema/SDR_Agent/Agents/EmailAgent/email_service.py", line 83, in generate_email_content
    result = await self.chat_completion(messages=[{"role": "user", "content": "Say hi"}])
             ^^^^^^^^^^^^^^^^^^^^^^^^^^^^^^^^^^^^^^^^^^^^^^^^^^^^^^^^^^^^^^^^^^^^^^^^^^^^
  File "/work/Projects/Hiring_Asg/Ema/SDR_Agent/Mixins/llm_client.py", line 84, in chat_completion
    response.raise_for_status()
  File "/work/Projects/Hiring_Asg/venv312/lib/python3.12/site-packages/httpx/_models.py", line 829, in raise_for_status
    raise HTTPStatusError(message, request=request, response=self)
httpx.HTTPStatusError: Client error '401 Unauthorized' for url 'https://openrouter.ai/api/v1/chat/completions'
For more information check: https://developer.mozilla.org/en-US/docs/Web/HTTP/Status/401

The above exception was the direct cause of the following exception:

Traceback (most recent call last):
  File "/work/Projects/Hiring_Asg/Ema/SDR_Agent/Workflow/workflow_graph.py", line 27, in wrapper
    result = await func(state)
             ^^^^^^^^^^^^^^^^^
  File "/work/Projects/Hiring_Asg/Ema/SDR_Agent/Workflow/workflow_graph.py", line 72, in email_node
    result = await agent.get_email_ids()
             ^^^^^^^^^^^^^^^^^^^^^^^^^^^
  File "/work/Projects/Hiring_Asg/Ema/SDR_Agent/Agents/EmailAgent/email_agent.py", line 19, in get_email_ids
    email_service_res = await  self.email_service.generate_email_content(
                        ^^^^^^^^^^^^^^^^^^^^^^^^^^^^^^^^^^^^^^^^^^^^^^^^^
  File "/work/Projects/Hiring_Asg/Ema/SDR_Agent/Agents/EmailAgent/email_service.py", line 89, in generate_email_content
    raise RuntimeError(
RuntimeError: LLM email content generation failed: Client error '401 Unauthorized' for url 'https://openrouter.ai/api/v1/chat/completions'
For more information check: https://developer.mozilla.org/en-US/docs/Web/HTTP/Status/401
2026-02-23 01:12:42 - ERROR - API.main - Error while running LangGraph pipeline: LLM email content generation failed: Client error '401 Unauthorized' for url 'https://openrouter.ai/api/v1/chat/completions'
For more information check: https://developer.mozilla.org/en-US/docs/Web/HTTP/Status/401
Traceback (most recent call last):
  File "/work/Projects/Hiring_Asg/Ema/SDR_Agent/Agents/EmailAgent/email_service.py", line 83, in generate_email_content
    result = await self.chat_completion(messages=[{"role": "user", "content": "Say hi"}])
             ^^^^^^^^^^^^^^^^^^^^^^^^^^^^^^^^^^^^^^^^^^^^^^^^^^^^^^^^^^^^^^^^^^^^^^^^^^^^
  File "/work/Projects/Hiring_Asg/Ema/SDR_Agent/Mixins/llm_client.py", line 84, in chat_completion
    response.raise_for_status()
  File "/work/Projects/Hiring_Asg/venv312/lib/python3.12/site-packages/httpx/_models.py", line 829, in raise_for_status
    raise HTTPStatusError(message, request=request, response=self)
httpx.HTTPStatusError: Client error '401 Unauthorized' for url 'https://openrouter.ai/api/v1/chat/completions'
For more information check: https://developer.mozilla.org/en-US/docs/Web/HTTP/Status/401

The above exception was the direct cause of the following exception:

Traceback (most recent call last):
  File "/work/Projects/Hiring_Asg/Ema/SDR_Agent/API/main.py", line 128, in run_graph
    result = await graph.ainvoke(state)
            ^^^^^^^^^^^^^^^^^^^^^^^^^^
  File "/work/Projects/Hiring_Asg/venv312/lib/python3.12/site-packages/langgraph/pregel/main.py", line 3161, in ainvoke
    async for chunk in self.astream(
  File "/work/Projects/Hiring_Asg/venv312/lib/python3.12/site-packages/langgraph/pregel/main.py", line 2974, in astream
    async for _ in runner.atick(
  File "/work/Projects/Hiring_Asg/venv312/lib/python3.12/site-packages/langgraph/pregel/_runner.py", line 304, in atick
    await arun_with_retry(
  File "/work/Projects/Hiring_Asg/venv312/lib/python3.12/site-packages/langgraph/pregel/_retry.py", line 138, in arun_with_retry
    return await task.proc.ainvoke(task.input, config)
           ^^^^^^^^^^^^^^^^^^^^^^^^^^^^^^^^^^^^^^^^^^^
  File "/work/Projects/Hiring_Asg/venv312/lib/python3.12/site-packages/langgraph/_internal/_runnable.py", line 705, in ainvoke
    input = await asyncio.create_task(
            ^^^^^^^^^^^^^^^^^^^^^^^^^^
  File "/work/Projects/Hiring_Asg/venv312/lib/python3.12/site-packages/langgraph/_internal/_runnable.py", line 473, in ainvoke
    ret = await self.afunc(*args, **kwargs)
          ^^^^^^^^^^^^^^^^^^^^^^^^^^^^^^^^^
  File "/work/Projects/Hiring_Asg/Ema/SDR_Agent/Workflow/workflow_graph.py", line 27, in wrapper
    result = await func(state)
             ^^^^^^^^^^^^^^^^^
  File "/work/Projects/Hiring_Asg/Ema/SDR_Agent/Workflow/workflow_graph.py", line 72, in email_node
    result = await agent.get_email_ids()
             ^^^^^^^^^^^^^^^^^^^^^^^^^^^
  File "/work/Projects/Hiring_Asg/Ema/SDR_Agent/Agents/EmailAgent/email_agent.py", line 19, in get_email_ids
    email_service_res = await  self.email_service.generate_email_content(
                        ^^^^^^^^^^^^^^^^^^^^^^^^^^^^^^^^^^^^^^^^^^^^^^^^^
  File "/work/Projects/Hiring_Asg/Ema/SDR_Agent/Agents/EmailAgent/email_service.py", line 89, in generate_email_content
    raise RuntimeError(
RuntimeError: LLM email content generation failed: Client error '401 Unauthorized' for url 'https://openrouter.ai/api/v1/chat/completions'
For more information check: https://developer.mozilla.org/en-US/docs/Web/HTTP/Status/401
During task with name 'send_email' and id 'c535dfb8-6d7d-c7c4-579b-6ff0f7921635'
2026-02-23 01:13:21 - INFO - API.main - 🧠 Running LangGraph pipeline for: 'top 1 row '
2026-02-23 01:13:21 - INFO - Workflow.workflow_graph - [TRACE_ID=4b9d6786-09eb-4466-a9a0-4b545af76ea0] ▶️ Entering node: intent_classifier | State keys: ['user_input', 'trace_id']
2026-02-23 01:13:21 - INFO - Utils.intent_classifier - 🧭 Classifying intent for: 'top 1 row '
2026-02-23 01:13:21 - INFO - Mixins.llm_client - Sending request to OpenRouter model=meta-llama/llama-3.3-70b-instruct
2026-02-23 01:13:28 - INFO - Mixins.llm_client - Received response from meta-llama/llama-3.3-70b-instruct in 6.86 seconds
2026-02-23 01:13:28 - INFO - Utils.intent_classifier - ✅ Intent classified in 6.86s | Raw response: Based on the user's message "top 1 row", I would classify the intent as **query_data** since the user is asking to fetch or retrieve a specific row of data.

```json
{
  "intent": "query_data",
  "confidence": 0.8
}
```
2026-02-23 01:13:28 - INFO - Mixins.text_processor - ✅ JSON extracted successfully
2026-02-23 01:13:28 - INFO - Workflow.workflow_graph - [TRACE_ID=4b9d6786-09eb-4466-a9a0-4b545af76ea0] ✅ Node completed: intent_classifier | Duration: 6.86s
2026-02-23 01:13:28 - INFO - Workflow.workflow_graph - [TRACE_ID=57f33957-508b-4828-872e-f4d9180fa874] ▶️ Entering node: data_query | State keys: ['user_input', 'intent', 'confidence', 'intent_meta', 'trace_id']
2026-02-23 01:13:28 - INFO - Agents.DataQueryAgent.query_agent - Loading data from CSV...
2026-02-23 01:13:28 - INFO - Agents.DataQueryAgent.load_data - Data loaded successfully from Datafiles/filtered_leads.csv. Shape: (83, 88)
2026-02-23 01:13:28 - INFO - Agents.DataQueryAgent.query_agent - Data loaded successfully. Shape: (83, 88)
2026-02-23 01:13:28 - INFO - Agents.DataQueryAgent.query_agent - Generating SQL query for user request: top 1 row 
2026-02-23 01:13:28 - INFO - Mixins.llm_client - Sending request to OpenRouter model=meta-llama/llama-3.3-70b-instruct
2026-02-23 01:13:31 - INFO - Mixins.llm_client - Received response from meta-llama/llama-3.3-70b-instruct in 3.25 seconds
2026-02-23 01:13:31 - INFO - Agents.DataQueryAgent.query_agent - Generated SQL: SELECT * FROM df LIMIT 1
2026-02-23 01:13:31 - INFO - Agents.DataQueryAgent.query_agent - Executing SQL query: SELECT * FROM df LIMIT 1
2026-02-23 01:13:31 - INFO - Agents.DataQueryAgent.load_data - Executing SQL query: SELECT * FROM df LIMIT 1
2026-02-23 01:13:31 - INFO - Agents.DataQueryAgent.load_data - SQL query executed successfully — 1 rows returned.
2026-02-23 01:13:31 - INFO - Agents.DataQueryAgent.query_agent - Query executed successfully.
2026-02-23 01:13:31 - INFO - Mixins.llm_client - Sending request to OpenRouter model=meta-llama/llama-3.3-70b-instruct
2026-02-23 01:13:39 - INFO - Mixins.llm_client - Received response from meta-llama/llama-3.3-70b-instruct in 4.74 seconds
2026-02-23 01:13:39 - INFO - Workflow.workflow_graph - [TRACE_ID=57f33957-508b-4828-872e-f4d9180fa874] ✅ Node completed: data_query | Duration: 8.04s
2026-02-23 01:13:39 - INFO - API.main - ✅ LangGraph pipeline completed successfully.
2026-02-23 01:17:50 - INFO - API.main - 🧠 Running LangGraph pipeline for: 'send mail'
2026-02-23 01:17:50 - INFO - Workflow.workflow_graph - [TRACE_ID=441a7d99-e12e-46b2-9655-c61fd4be0e9b] ▶️ Entering node: intent_classifier | State keys: ['user_input', 'trace_id']
2026-02-23 01:17:50 - INFO - Utils.intent_classifier - 🧭 Classifying intent for: 'send mail'
2026-02-23 01:17:50 - INFO - Mixins.llm_client - Sending request to OpenRouter model=meta-llama/llama-3.3-70b-instruct
2026-02-23 01:17:55 - INFO - Mixins.llm_client - Received response from meta-llama/llama-3.3-70b-instruct in 4.55 seconds
2026-02-23 01:17:55 - INFO - Utils.intent_classifier - ✅ Intent classified in 4.55s | Raw response: ```json
{
  "intent": "send_email",
  "confidence": 0.8
}
```
2026-02-23 01:17:55 - INFO - Mixins.text_processor - ✅ JSON extracted successfully
2026-02-23 01:17:55 - INFO - Workflow.workflow_graph - [TRACE_ID=441a7d99-e12e-46b2-9655-c61fd4be0e9b] ✅ Node completed: intent_classifier | Duration: 4.55s
2026-02-23 01:17:55 - INFO - Workflow.workflow_graph - [TRACE_ID=1e6bfde8-d338-45b4-9293-5cc9458b31ca] ▶️ Entering node: send_email | State keys: ['user_input', 'intent', 'confidence', 'intent_meta', 'trace_id']
2026-02-23 01:17:55 - INFO - Agents.EmailAgent.email_service - Resend API initialized successfully
2026-02-23 01:17:55 - INFO - Agents.DataQueryAgent.load_data - Data loaded successfully from Datafiles/filtered_leads.csv. Shape: (83, 88)
2026-02-23 01:17:55 - INFO - Agents.EmailAgent.email_service - Generating email content via LLM with provided context and information.
2026-02-23 01:17:55 - INFO - Mixins.llm_client - Sending request to OpenRouter model=meta-llama/llama-3.3-70b-instruct
2026-02-23 01:17:55 - ERROR - Agents.EmailAgent.email_service - Failed to generate email content via LLM
Traceback (most recent call last):
  File "/work/Projects/Hiring_Asg/Ema/SDR_Agent/Agents/EmailAgent/email_service.py", line 83, in generate_email_content
    result = await self.chat_completion(messages=[{"role": "user", "content": "Say hi"}])
             ^^^^^^^^^^^^^^^^^^^^^^^^^^^^^^^^^^^^^^^^^^^^^^^^^^^^^^^^^^^^^^^^^^^^^^^^^^^^
  File "/work/Projects/Hiring_Asg/Ema/SDR_Agent/Mixins/llm_client.py", line 84, in chat_completion
    response.raise_for_status()
  File "/work/Projects/Hiring_Asg/venv312/lib/python3.12/site-packages/httpx/_models.py", line 829, in raise_for_status
    raise HTTPStatusError(message, request=request, response=self)
httpx.HTTPStatusError: Client error '401 Unauthorized' for url 'https://openrouter.ai/api/v1/chat/completions'
For more information check: https://developer.mozilla.org/en-US/docs/Web/HTTP/Status/401
2026-02-23 01:17:55 - ERROR - Workflow.workflow_graph - [TRACE_ID=1e6bfde8-d338-45b4-9293-5cc9458b31ca] ❌ Error in node: send_email | Duration: 0.10s | Error: LLM email content generation failed: Client error '401 Unauthorized' for url 'https://openrouter.ai/api/v1/chat/completions'
For more information check: https://developer.mozilla.org/en-US/docs/Web/HTTP/Status/401
Traceback (most recent call last):
  File "/work/Projects/Hiring_Asg/Ema/SDR_Agent/Agents/EmailAgent/email_service.py", line 83, in generate_email_content
    result = await self.chat_completion(messages=[{"role": "user", "content": "Say hi"}])
             ^^^^^^^^^^^^^^^^^^^^^^^^^^^^^^^^^^^^^^^^^^^^^^^^^^^^^^^^^^^^^^^^^^^^^^^^^^^^
  File "/work/Projects/Hiring_Asg/Ema/SDR_Agent/Mixins/llm_client.py", line 84, in chat_completion
    response.raise_for_status()
  File "/work/Projects/Hiring_Asg/venv312/lib/python3.12/site-packages/httpx/_models.py", line 829, in raise_for_status
    raise HTTPStatusError(message, request=request, response=self)
httpx.HTTPStatusError: Client error '401 Unauthorized' for url 'https://openrouter.ai/api/v1/chat/completions'
For more information check: https://developer.mozilla.org/en-US/docs/Web/HTTP/Status/401

The above exception was the direct cause of the following exception:

Traceback (most recent call last):
  File "/work/Projects/Hiring_Asg/Ema/SDR_Agent/Workflow/workflow_graph.py", line 27, in wrapper
    result = await func(state)
             ^^^^^^^^^^^^^^^^^
  File "/work/Projects/Hiring_Asg/Ema/SDR_Agent/Workflow/workflow_graph.py", line 72, in email_node
    result = await agent.get_email_ids()
             ^^^^^^^^^^^^^^^^^^^^^^^^^^^
  File "/work/Projects/Hiring_Asg/Ema/SDR_Agent/Agents/EmailAgent/email_agent.py", line 19, in get_email_ids
    email_service_res = await  self.email_service.generate_email_content(
                        ^^^^^^^^^^^^^^^^^^^^^^^^^^^^^^^^^^^^^^^^^^^^^^^^^
  File "/work/Projects/Hiring_Asg/Ema/SDR_Agent/Agents/EmailAgent/email_service.py", line 89, in generate_email_content
    raise RuntimeError(
RuntimeError: LLM email content generation failed: Client error '401 Unauthorized' for url 'https://openrouter.ai/api/v1/chat/completions'
For more information check: https://developer.mozilla.org/en-US/docs/Web/HTTP/Status/401
2026-02-23 01:17:55 - ERROR - API.main - Error while running LangGraph pipeline: LLM email content generation failed: Client error '401 Unauthorized' for url 'https://openrouter.ai/api/v1/chat/completions'
For more information check: https://developer.mozilla.org/en-US/docs/Web/HTTP/Status/401
Traceback (most recent call last):
  File "/work/Projects/Hiring_Asg/Ema/SDR_Agent/Agents/EmailAgent/email_service.py", line 83, in generate_email_content
    result = await self.chat_completion(messages=[{"role": "user", "content": "Say hi"}])
             ^^^^^^^^^^^^^^^^^^^^^^^^^^^^^^^^^^^^^^^^^^^^^^^^^^^^^^^^^^^^^^^^^^^^^^^^^^^^
  File "/work/Projects/Hiring_Asg/Ema/SDR_Agent/Mixins/llm_client.py", line 84, in chat_completion
    response.raise_for_status()
  File "/work/Projects/Hiring_Asg/venv312/lib/python3.12/site-packages/httpx/_models.py", line 829, in raise_for_status
    raise HTTPStatusError(message, request=request, response=self)
httpx.HTTPStatusError: Client error '401 Unauthorized' for url 'https://openrouter.ai/api/v1/chat/completions'
For more information check: https://developer.mozilla.org/en-US/docs/Web/HTTP/Status/401

The above exception was the direct cause of the following exception:

Traceback (most recent call last):
  File "/work/Projects/Hiring_Asg/Ema/SDR_Agent/API/main.py", line 128, in run_graph
    result = await graph.ainvoke(state)
            ^^^^^^^^^^^^^^^^^^^^^^^^^^
  File "/work/Projects/Hiring_Asg/venv312/lib/python3.12/site-packages/langgraph/pregel/main.py", line 3161, in ainvoke
    async for chunk in self.astream(
  File "/work/Projects/Hiring_Asg/venv312/lib/python3.12/site-packages/langgraph/pregel/main.py", line 2974, in astream
    async for _ in runner.atick(
  File "/work/Projects/Hiring_Asg/venv312/lib/python3.12/site-packages/langgraph/pregel/_runner.py", line 304, in atick
    await arun_with_retry(
  File "/work/Projects/Hiring_Asg/venv312/lib/python3.12/site-packages/langgraph/pregel/_retry.py", line 138, in arun_with_retry
    return await task.proc.ainvoke(task.input, config)
           ^^^^^^^^^^^^^^^^^^^^^^^^^^^^^^^^^^^^^^^^^^^
  File "/work/Projects/Hiring_Asg/venv312/lib/python3.12/site-packages/langgraph/_internal/_runnable.py", line 705, in ainvoke
    input = await asyncio.create_task(
            ^^^^^^^^^^^^^^^^^^^^^^^^^^
  File "/work/Projects/Hiring_Asg/venv312/lib/python3.12/site-packages/langgraph/_internal/_runnable.py", line 473, in ainvoke
    ret = await self.afunc(*args, **kwargs)
          ^^^^^^^^^^^^^^^^^^^^^^^^^^^^^^^^^
  File "/work/Projects/Hiring_Asg/Ema/SDR_Agent/Workflow/workflow_graph.py", line 27, in wrapper
    result = await func(state)
             ^^^^^^^^^^^^^^^^^
  File "/work/Projects/Hiring_Asg/Ema/SDR_Agent/Workflow/workflow_graph.py", line 72, in email_node
    result = await agent.get_email_ids()
             ^^^^^^^^^^^^^^^^^^^^^^^^^^^
  File "/work/Projects/Hiring_Asg/Ema/SDR_Agent/Agents/EmailAgent/email_agent.py", line 19, in get_email_ids
    email_service_res = await  self.email_service.generate_email_content(
                        ^^^^^^^^^^^^^^^^^^^^^^^^^^^^^^^^^^^^^^^^^^^^^^^^^
  File "/work/Projects/Hiring_Asg/Ema/SDR_Agent/Agents/EmailAgent/email_service.py", line 89, in generate_email_content
    raise RuntimeError(
RuntimeError: LLM email content generation failed: Client error '401 Unauthorized' for url 'https://openrouter.ai/api/v1/chat/completions'
For more information check: https://developer.mozilla.org/en-US/docs/Web/HTTP/Status/401
During task with name 'send_email' and id '8bc3725d-2103-b3a6-ca44-f7b516c9f526'
2026-02-23 01:18:34 - INFO - root - ✅ Logging initialized for FastAPI app.
2026-02-23 01:18:37 - INFO - root - ✅ Logging initialized for FastAPI app.
2026-02-23 01:18:45 - INFO - root - ✅ Logging initialized for FastAPI app.
2026-02-23 01:18:50 - INFO - root - ✅ Logging initialized for FastAPI app.
2026-02-23 01:18:52 - INFO - root - ✅ Logging initialized for FastAPI app.
2026-02-23 01:18:52 - INFO - API.main - 🧠 Running LangGraph pipeline for: 'send mail'
2026-02-23 01:18:52 - INFO - Workflow.workflow_graph - [TRACE_ID=0044ddc3-2843-43a6-bcfb-d66f0a66169f] ▶️ Entering node: intent_classifier | State keys: ['user_input', 'trace_id']
2026-02-23 01:18:52 - INFO - Utils.intent_classifier - 🧭 Classifying intent for: 'send mail'
2026-02-23 01:18:52 - INFO - Mixins.llm_client - Sending request to OpenRouter model=meta-llama/llama-3.3-70b-instruct
2026-02-23 01:19:03 - INFO - Mixins.llm_client - Received response from meta-llama/llama-3.3-70b-instruct in 7.13 seconds
2026-02-23 01:19:03 - INFO - Utils.intent_classifier - ✅ Intent classified in 7.13s | Raw response: Based on the user's message "send mail", I would classify the intent as **send_email** since the user is expressing a desire to send an email.

Here is the output in the requested format:

```json
{
  "intent": "send_email",
  "confidence": 0.8
}
```
2026-02-23 01:19:03 - INFO - Mixins.text_processor - ✅ JSON extracted successfully
2026-02-23 01:19:03 - INFO - Workflow.workflow_graph - [TRACE_ID=0044ddc3-2843-43a6-bcfb-d66f0a66169f] ✅ Node completed: intent_classifier | Duration: 7.14s
2026-02-23 01:19:03 - INFO - Workflow.workflow_graph - [TRACE_ID=ac774aa4-6f98-4e0f-b78c-b14635e210d6] ▶️ Entering node: send_email | State keys: ['user_input', 'intent', 'confidence', 'intent_meta', 'trace_id']
2026-02-23 01:19:03 - INFO - Agents.EmailAgent.email_service - Resend API initialized successfully
2026-02-23 01:19:03 - INFO - Agents.DataQueryAgent.load_data - Data loaded successfully from Datafiles/filtered_leads.csv. Shape: (83, 88)
2026-02-23 01:19:03 - INFO - Agents.EmailAgent.email_service - Generating email content via LLM with provided context and information.
2026-02-23 01:19:03 - INFO - Mixins.llm_client - Sending request to OpenRouter model=meta-llama/llama-3.3-70b-instruct
2026-02-23 01:19:06 - INFO - Mixins.llm_client - Received response from meta-llama/llama-3.3-70b-instruct in 3.20 seconds
2026-02-23 01:19:06 - ERROR - Agents.EmailAgent.email_service - Failed to generate email content via LLM
Traceback (most recent call last):
  File "/work/Projects/Hiring_Asg/Ema/SDR_Agent/Agents/EmailAgent/email_service.py", line 87, in generate_email_content
    email_content = self.extract_and_validate(
                    ^^^^^^^^^^^^^^^^^^^^^^^^^^
  File "/work/Projects/Hiring_Asg/Ema/SDR_Agent/Mixins/text_processor.py", line 75, in extract_and_validate
    data = self._extract_json(response)
           ^^^^^^^^^^^^^^^^^^^^^^^^^^^^
  File "/work/Projects/Hiring_Asg/Ema/SDR_Agent/Mixins/text_processor.py", line 52, in _extract_json
    raise ValueError("No JSON object found in response")
ValueError: No JSON object found in response
2026-02-23 01:19:06 - ERROR - Workflow.workflow_graph - [TRACE_ID=ac774aa4-6f98-4e0f-b78c-b14635e210d6] ❌ Error in node: send_email | Duration: 3.22s | Error: LLM email content generation failed: No JSON object found in response
Traceback (most recent call last):
  File "/work/Projects/Hiring_Asg/Ema/SDR_Agent/Agents/EmailAgent/email_service.py", line 87, in generate_email_content
    email_content = self.extract_and_validate(
                    ^^^^^^^^^^^^^^^^^^^^^^^^^^
  File "/work/Projects/Hiring_Asg/Ema/SDR_Agent/Mixins/text_processor.py", line 75, in extract_and_validate
    data = self._extract_json(response)
           ^^^^^^^^^^^^^^^^^^^^^^^^^^^^
  File "/work/Projects/Hiring_Asg/Ema/SDR_Agent/Mixins/text_processor.py", line 52, in _extract_json
    raise ValueError("No JSON object found in response")
ValueError: No JSON object found in response

The above exception was the direct cause of the following exception:

Traceback (most recent call last):
  File "/work/Projects/Hiring_Asg/Ema/SDR_Agent/Workflow/workflow_graph.py", line 27, in wrapper
    result = await func(state)
             ^^^^^^^^^^^^^^^^^
  File "/work/Projects/Hiring_Asg/Ema/SDR_Agent/Workflow/workflow_graph.py", line 72, in email_node
    result = await agent.get_email_ids()
             ^^^^^^^^^^^^^^^^^^^^^^^^^^^
  File "/work/Projects/Hiring_Asg/Ema/SDR_Agent/Agents/EmailAgent/email_agent.py", line 19, in get_email_ids
    email_service_res = await  self.email_service.generate_email_content(
                        ^^^^^^^^^^^^^^^^^^^^^^^^^^^^^^^^^^^^^^^^^^^^^^^^^
  File "/work/Projects/Hiring_Asg/Ema/SDR_Agent/Agents/EmailAgent/email_service.py", line 92, in generate_email_content
    raise RuntimeError(
RuntimeError: LLM email content generation failed: No JSON object found in response
2026-02-23 01:19:06 - ERROR - API.main - Error while running LangGraph pipeline: LLM email content generation failed: No JSON object found in response
Traceback (most recent call last):
  File "/work/Projects/Hiring_Asg/Ema/SDR_Agent/Agents/EmailAgent/email_service.py", line 87, in generate_email_content
    email_content = self.extract_and_validate(
                    ^^^^^^^^^^^^^^^^^^^^^^^^^^
  File "/work/Projects/Hiring_Asg/Ema/SDR_Agent/Mixins/text_processor.py", line 75, in extract_and_validate
    data = self._extract_json(response)
           ^^^^^^^^^^^^^^^^^^^^^^^^^^^^
  File "/work/Projects/Hiring_Asg/Ema/SDR_Agent/Mixins/text_processor.py", line 52, in _extract_json
    raise ValueError("No JSON object found in response")
ValueError: No JSON object found in response

The above exception was the direct cause of the following exception:

Traceback (most recent call last):
  File "/work/Projects/Hiring_Asg/Ema/SDR_Agent/API/main.py", line 128, in run_graph
    result = await graph.ainvoke(state)
            ^^^^^^^^^^^^^^^^^^^^^^^^^^
  File "/work/Projects/Hiring_Asg/venv312/lib/python3.12/site-packages/langgraph/pregel/main.py", line 3161, in ainvoke
    async for chunk in self.astream(
  File "/work/Projects/Hiring_Asg/venv312/lib/python3.12/site-packages/langgraph/pregel/main.py", line 2974, in astream
    async for _ in runner.atick(
  File "/work/Projects/Hiring_Asg/venv312/lib/python3.12/site-packages/langgraph/pregel/_runner.py", line 304, in atick
    await arun_with_retry(
  File "/work/Projects/Hiring_Asg/venv312/lib/python3.12/site-packages/langgraph/pregel/_retry.py", line 138, in arun_with_retry
    return await task.proc.ainvoke(task.input, config)
           ^^^^^^^^^^^^^^^^^^^^^^^^^^^^^^^^^^^^^^^^^^^
  File "/work/Projects/Hiring_Asg/venv312/lib/python3.12/site-packages/langgraph/_internal/_runnable.py", line 705, in ainvoke
    input = await asyncio.create_task(
            ^^^^^^^^^^^^^^^^^^^^^^^^^^
  File "/work/Projects/Hiring_Asg/venv312/lib/python3.12/site-packages/langgraph/_internal/_runnable.py", line 473, in ainvoke
    ret = await self.afunc(*args, **kwargs)
          ^^^^^^^^^^^^^^^^^^^^^^^^^^^^^^^^^
  File "/work/Projects/Hiring_Asg/Ema/SDR_Agent/Workflow/workflow_graph.py", line 27, in wrapper
    result = await func(state)
             ^^^^^^^^^^^^^^^^^
  File "/work/Projects/Hiring_Asg/Ema/SDR_Agent/Workflow/workflow_graph.py", line 72, in email_node
    result = await agent.get_email_ids()
             ^^^^^^^^^^^^^^^^^^^^^^^^^^^
  File "/work/Projects/Hiring_Asg/Ema/SDR_Agent/Agents/EmailAgent/email_agent.py", line 19, in get_email_ids
    email_service_res = await  self.email_service.generate_email_content(
                        ^^^^^^^^^^^^^^^^^^^^^^^^^^^^^^^^^^^^^^^^^^^^^^^^^
  File "/work/Projects/Hiring_Asg/Ema/SDR_Agent/Agents/EmailAgent/email_service.py", line 92, in generate_email_content
    raise RuntimeError(
RuntimeError: LLM email content generation failed: No JSON object found in response
During task with name 'send_email' and id '13091367-7104-2dfa-9900-72c2cab5c4ea'
2026-02-23 01:19:54 - INFO - root - ✅ Logging initialized for FastAPI app.
2026-02-23 01:19:55 - INFO - API.main - 🧠 Running LangGraph pipeline for: 'send mail'
2026-02-23 01:19:55 - INFO - Workflow.workflow_graph - [TRACE_ID=036f164a-753c-470e-af94-bd7c8540981c] ▶️ Entering node: intent_classifier | State keys: ['user_input', 'trace_id']
2026-02-23 01:19:55 - INFO - Utils.intent_classifier - 🧭 Classifying intent for: 'send mail'
2026-02-23 01:19:55 - INFO - Mixins.llm_client - Sending request to OpenRouter model=meta-llama/llama-3.3-70b-instruct
2026-02-23 01:19:59 - INFO - Mixins.llm_client - Received response from meta-llama/llama-3.3-70b-instruct in 3.56 seconds
2026-02-23 01:19:59 - INFO - Utils.intent_classifier - ✅ Intent classified in 3.56s | Raw response: Based on the user's message, I would classify the intent as follows:

```
{
  "intent": "send_email",
  "confidence": 0.9
}
```

The user's message "send mail" is a clear indication of their intention to send an email, which aligns with the **send_email** category. The confidence level is set to 0.9, indicating a high degree of certainty in the classification.
2026-02-23 01:19:59 - INFO - Mixins.text_processor - ✅ JSON extracted successfully
2026-02-23 01:19:59 - INFO - Workflow.workflow_graph - [TRACE_ID=036f164a-753c-470e-af94-bd7c8540981c] ✅ Node completed: intent_classifier | Duration: 3.56s
2026-02-23 01:19:59 - INFO - Workflow.workflow_graph - [TRACE_ID=6b4a0fa1-eead-4d3a-a5fd-558b365d706d] ▶️ Entering node: send_email | State keys: ['user_input', 'intent', 'confidence', 'intent_meta', 'trace_id']
2026-02-23 01:19:59 - INFO - Agents.EmailAgent.email_service - Resend API initialized successfully
2026-02-23 01:19:59 - INFO - Agents.DataQueryAgent.load_data - Data loaded successfully from Datafiles/filtered_leads.csv. Shape: (83, 88)
2026-02-23 01:19:59 - INFO - Agents.EmailAgent.email_service - Generating email content via LLM with provided context and information.
2026-02-23 01:19:59 - INFO - Mixins.llm_client - Sending request to OpenRouter model=meta-llama/llama-3.3-70b-instruct
2026-02-23 01:20:00 - INFO - Mixins.llm_client - Received response from meta-llama/llama-3.3-70b-instruct in 1.25 seconds
2026-02-23 01:20:00 - ERROR - Agents.EmailAgent.email_service - Failed to generate email content via LLM
Traceback (most recent call last):
  File "/work/Projects/Hiring_Asg/Ema/SDR_Agent/Agents/EmailAgent/email_service.py", line 90, in generate_email_content
    email_content = self.extract_and_validate(
                    ^^^^^^^^^^^^^^^^^^^^^^^^^^
  File "/work/Projects/Hiring_Asg/Ema/SDR_Agent/Mixins/text_processor.py", line 75, in extract_and_validate
    data = self._extract_json(response)
           ^^^^^^^^^^^^^^^^^^^^^^^^^^^^
  File "/work/Projects/Hiring_Asg/Ema/SDR_Agent/Mixins/text_processor.py", line 52, in _extract_json
    raise ValueError("No JSON object found in response")
ValueError: No JSON object found in response
2026-02-23 01:20:00 - ERROR - Workflow.workflow_graph - [TRACE_ID=6b4a0fa1-eead-4d3a-a5fd-558b365d706d] ❌ Error in node: send_email | Duration: 1.28s | Error: LLM email content generation failed: No JSON object found in response
Traceback (most recent call last):
  File "/work/Projects/Hiring_Asg/Ema/SDR_Agent/Agents/EmailAgent/email_service.py", line 90, in generate_email_content
    email_content = self.extract_and_validate(
                    ^^^^^^^^^^^^^^^^^^^^^^^^^^
  File "/work/Projects/Hiring_Asg/Ema/SDR_Agent/Mixins/text_processor.py", line 75, in extract_and_validate
    data = self._extract_json(response)
           ^^^^^^^^^^^^^^^^^^^^^^^^^^^^
  File "/work/Projects/Hiring_Asg/Ema/SDR_Agent/Mixins/text_processor.py", line 52, in _extract_json
    raise ValueError("No JSON object found in response")
ValueError: No JSON object found in response

The above exception was the direct cause of the following exception:

Traceback (most recent call last):
  File "/work/Projects/Hiring_Asg/Ema/SDR_Agent/Workflow/workflow_graph.py", line 27, in wrapper
    result = await func(state)
             ^^^^^^^^^^^^^^^^^
  File "/work/Projects/Hiring_Asg/Ema/SDR_Agent/Workflow/workflow_graph.py", line 72, in email_node
    result = await agent.get_email_ids()
             ^^^^^^^^^^^^^^^^^^^^^^^^^^^
  File "/work/Projects/Hiring_Asg/Ema/SDR_Agent/Agents/EmailAgent/email_agent.py", line 19, in get_email_ids
    email_service_res = await  self.email_service.generate_email_content(
                        ^^^^^^^^^^^^^^^^^^^^^^^^^^^^^^^^^^^^^^^^^^^^^^^^^
  File "/work/Projects/Hiring_Asg/Ema/SDR_Agent/Agents/EmailAgent/email_service.py", line 95, in generate_email_content
    raise RuntimeError(
RuntimeError: LLM email content generation failed: No JSON object found in response
2026-02-23 01:20:00 - ERROR - API.main - Error while running LangGraph pipeline: LLM email content generation failed: No JSON object found in response
Traceback (most recent call last):
  File "/work/Projects/Hiring_Asg/Ema/SDR_Agent/Agents/EmailAgent/email_service.py", line 90, in generate_email_content
    email_content = self.extract_and_validate(
                    ^^^^^^^^^^^^^^^^^^^^^^^^^^
  File "/work/Projects/Hiring_Asg/Ema/SDR_Agent/Mixins/text_processor.py", line 75, in extract_and_validate
    data = self._extract_json(response)
           ^^^^^^^^^^^^^^^^^^^^^^^^^^^^
  File "/work/Projects/Hiring_Asg/Ema/SDR_Agent/Mixins/text_processor.py", line 52, in _extract_json
    raise ValueError("No JSON object found in response")
ValueError: No JSON object found in response

The above exception was the direct cause of the following exception:

Traceback (most recent call last):
  File "/work/Projects/Hiring_Asg/Ema/SDR_Agent/API/main.py", line 128, in run_graph
    result = await graph.ainvoke(state)
            ^^^^^^^^^^^^^^^^^^^^^^^^^^
  File "/work/Projects/Hiring_Asg/venv312/lib/python3.12/site-packages/langgraph/pregel/main.py", line 3161, in ainvoke
    async for chunk in self.astream(
  File "/work/Projects/Hiring_Asg/venv312/lib/python3.12/site-packages/langgraph/pregel/main.py", line 2974, in astream
    async for _ in runner.atick(
  File "/work/Projects/Hiring_Asg/venv312/lib/python3.12/site-packages/langgraph/pregel/_runner.py", line 304, in atick
    await arun_with_retry(
  File "/work/Projects/Hiring_Asg/venv312/lib/python3.12/site-packages/langgraph/pregel/_retry.py", line 138, in arun_with_retry
    return await task.proc.ainvoke(task.input, config)
           ^^^^^^^^^^^^^^^^^^^^^^^^^^^^^^^^^^^^^^^^^^^
  File "/work/Projects/Hiring_Asg/venv312/lib/python3.12/site-packages/langgraph/_internal/_runnable.py", line 705, in ainvoke
    input = await asyncio.create_task(
            ^^^^^^^^^^^^^^^^^^^^^^^^^^
  File "/work/Projects/Hiring_Asg/venv312/lib/python3.12/site-packages/langgraph/_internal/_runnable.py", line 473, in ainvoke
    ret = await self.afunc(*args, **kwargs)
          ^^^^^^^^^^^^^^^^^^^^^^^^^^^^^^^^^
  File "/work/Projects/Hiring_Asg/Ema/SDR_Agent/Workflow/workflow_graph.py", line 27, in wrapper
    result = await func(state)
             ^^^^^^^^^^^^^^^^^
  File "/work/Projects/Hiring_Asg/Ema/SDR_Agent/Workflow/workflow_graph.py", line 72, in email_node
    result = await agent.get_email_ids()
             ^^^^^^^^^^^^^^^^^^^^^^^^^^^
  File "/work/Projects/Hiring_Asg/Ema/SDR_Agent/Agents/EmailAgent/email_agent.py", line 19, in get_email_ids
    email_service_res = await  self.email_service.generate_email_content(
                        ^^^^^^^^^^^^^^^^^^^^^^^^^^^^^^^^^^^^^^^^^^^^^^^^^
  File "/work/Projects/Hiring_Asg/Ema/SDR_Agent/Agents/EmailAgent/email_service.py", line 95, in generate_email_content
    raise RuntimeError(
RuntimeError: LLM email content generation failed: No JSON object found in response
During task with name 'send_email' and id '903eb0d3-ec3a-7ef8-4e9f-692e375c17de'
2026-02-23 01:20:31 - INFO - root - ✅ Logging initialized for FastAPI app.
2026-02-23 01:20:32 - INFO - API.main - 🧠 Running LangGraph pipeline for: 'send mail'
2026-02-23 01:20:32 - INFO - Workflow.workflow_graph - [TRACE_ID=0c181fb1-bb92-449e-8e6c-f0548fd64eec] ▶️ Entering node: intent_classifier | State keys: ['user_input', 'trace_id']
2026-02-23 01:20:32 - INFO - Utils.intent_classifier - 🧭 Classifying intent for: 'send mail'
2026-02-23 01:20:32 - INFO - Mixins.llm_client - Sending request to OpenRouter model=meta-llama/llama-3.3-70b-instruct
2026-02-23 01:20:37 - INFO - Mixins.llm_client - Received response from meta-llama/llama-3.3-70b-instruct in 4.88 seconds
2026-02-23 01:20:37 - INFO - Utils.intent_classifier - ✅ Intent classified in 4.88s | Raw response: ```json
{
  "intent": "send_email",
  "confidence": 0.8
}
```
2026-02-23 01:20:37 - INFO - Mixins.text_processor - ✅ JSON extracted successfully
2026-02-23 01:20:37 - INFO - Workflow.workflow_graph - [TRACE_ID=0c181fb1-bb92-449e-8e6c-f0548fd64eec] ✅ Node completed: intent_classifier | Duration: 4.88s
2026-02-23 01:20:37 - INFO - Workflow.workflow_graph - [TRACE_ID=3edc3a91-e078-4532-b3ac-a7a6b36b81fa] ▶️ Entering node: send_email | State keys: ['user_input', 'intent', 'confidence', 'intent_meta', 'trace_id']
2026-02-23 01:20:37 - INFO - Agents.EmailAgent.email_service - Resend API initialized successfully
2026-02-23 01:20:37 - INFO - Agents.DataQueryAgent.load_data - Data loaded successfully from Datafiles/filtered_leads.csv. Shape: (83, 88)
2026-02-23 01:20:37 - INFO - Agents.EmailAgent.email_service - Generating email content via LLM with provided context and information.
2026-02-23 01:20:37 - INFO - Mixins.llm_client - Sending request to OpenRouter model=meta-llama/llama-3.3-70b-instruct
2026-02-23 01:20:40 - INFO - Mixins.llm_client - Received response from meta-llama/llama-3.3-70b-instruct in 3.20 seconds
2026-02-23 01:20:40 - INFO - Mixins.text_processor - ✅ JSON extracted successfully
2026-02-23 01:20:40 - INFO - Workflow.workflow_graph - [TRACE_ID=3edc3a91-e078-4532-b3ac-a7a6b36b81fa] ✅ Node completed: send_email | Duration: 3.22s
2026-02-23 01:20:40 - INFO - API.main - ✅ LangGraph pipeline completed successfully.
2026-02-23 01:22:18 - INFO - root - ✅ Logging initialized for FastAPI app.
2026-02-23 01:23:27 - INFO - root - ✅ Logging initialized for FastAPI app.
2026-02-23 01:23:30 - INFO - API.main - 🧠 Running LangGraph pipeline for: 'send mail'
2026-02-23 01:23:30 - INFO - Workflow.workflow_graph - [TRACE_ID=08400385-604b-4e16-9154-4d8a9218acec] ▶️ Entering node: intent_classifier | State keys: ['user_input', 'trace_id']
2026-02-23 01:23:30 - INFO - Utils.intent_classifier - 🧭 Classifying intent for: 'send mail'
2026-02-23 01:23:30 - INFO - Mixins.llm_client - Sending request to OpenRouter model=meta-llama/llama-3.3-70b-instruct
2026-02-23 01:23:34 - INFO - Mixins.llm_client - Received response from meta-llama/llama-3.3-70b-instruct in 4.08 seconds
2026-02-23 01:23:34 - INFO - Utils.intent_classifier - ✅ Intent classified in 4.08s | Raw response: ```json
{
  "intent": "send_email",
  "confidence": 0.8
}
```
2026-02-23 01:23:34 - INFO - Mixins.text_processor - ✅ JSON extracted successfully
2026-02-23 01:23:34 - INFO - Workflow.workflow_graph - [TRACE_ID=08400385-604b-4e16-9154-4d8a9218acec] ✅ Node completed: intent_classifier | Duration: 4.08s
2026-02-23 01:23:34 - INFO - Workflow.workflow_graph - [TRACE_ID=ee4320f6-157f-4452-a813-25760912a20f] ▶️ Entering node: send_email | State keys: ['user_input', 'intent', 'confidence', 'intent_meta', 'trace_id']
2026-02-23 01:23:34 - INFO - Agents.EmailAgent.email_service - Resend API initialized successfully
2026-02-23 01:23:34 - INFO - Agents.DataQueryAgent.load_data - Data loaded successfully from Datafiles/filtered_leads.csv. Shape: (83, 88)
2026-02-23 01:23:34 - INFO - Agents.EmailAgent.email_service - Generating email content via LLM with provided context and information.
2026-02-23 01:23:34 - INFO - Mixins.llm_client - Sending request to OpenRouter model=meta-llama/llama-3.3-70b-instruct
2026-02-23 01:23:39 - INFO - Mixins.llm_client - Received response from meta-llama/llama-3.3-70b-instruct in 5.33 seconds
2026-02-23 01:23:39 - INFO - Mixins.text_processor - ✅ JSON extracted successfully
2026-02-23 01:23:39 - INFO - Workflow.workflow_graph - [TRACE_ID=ee4320f6-157f-4452-a813-25760912a20f] ✅ Node completed: send_email | Duration: 5.35s
2026-02-23 01:23:39 - INFO - API.main - ✅ LangGraph pipeline completed successfully.
2026-02-23 01:27:17 - INFO - root - ✅ Logging initialized for FastAPI app.
2026-02-23 01:27:17 - INFO - API.main - 🧠 Running LangGraph pipeline for: 'send mail'
2026-02-23 01:27:17 - INFO - Workflow.workflow_graph - [TRACE_ID=8acd7165-bc98-4767-9bff-31ec78836bc5] ▶️ Entering node: intent_classifier | State keys: ['user_input', 'trace_id']
2026-02-23 01:27:17 - INFO - Utils.intent_classifier - 🧭 Classifying intent for: 'send mail'
2026-02-23 01:27:17 - INFO - Mixins.llm_client - Sending request to OpenRouter model=meta-llama/llama-3.3-70b-instruct
2026-02-23 01:27:23 - INFO - Mixins.llm_client - Received response from meta-llama/llama-3.3-70b-instruct in 2.35 seconds
2026-02-23 01:27:23 - INFO - Utils.intent_classifier - ✅ Intent classified in 2.35s | Raw response: ```json
{
  "intent": "send_email",
  "confidence": 0.8
}
```
2026-02-23 01:27:23 - INFO - Mixins.text_processor - ✅ JSON extracted successfully
2026-02-23 01:27:23 - INFO - Workflow.workflow_graph - [TRACE_ID=8acd7165-bc98-4767-9bff-31ec78836bc5] ✅ Node completed: intent_classifier | Duration: 2.35s
2026-02-23 01:27:23 - INFO - Workflow.workflow_graph - [TRACE_ID=5e5a8fb4-e80e-4bb2-b93c-c97f69c98d94] ▶️ Entering node: send_email | State keys: ['user_input', 'intent', 'confidence', 'intent_meta', 'trace_id']
2026-02-23 01:27:23 - INFO - Agents.EmailAgent.email_service - Resend API initialized successfully
2026-02-23 01:27:23 - INFO - Agents.DataQueryAgent.load_data - Data loaded successfully from Datafiles/filtered_leads.csv. Shape: (83, 88)
2026-02-23 01:27:23 - INFO - Agents.EmailAgent.email_service - Generating email content via LLM with provided context and information.
2026-02-23 01:27:23 - INFO - Mixins.llm_client - Sending request to OpenRouter model=meta-llama/llama-3.3-70b-instruct
2026-02-23 01:27:33 - INFO - Mixins.llm_client - Received response from meta-llama/llama-3.3-70b-instruct in 9.54 seconds
2026-02-23 01:27:33 - INFO - Mixins.text_processor - ✅ JSON extracted successfully
2026-02-23 01:27:33 - INFO - Workflow.workflow_graph - [TRACE_ID=5e5a8fb4-e80e-4bb2-b93c-c97f69c98d94] ✅ Node completed: send_email | Duration: 9.55s
2026-02-23 01:27:33 - INFO - API.main - ✅ LangGraph pipeline completed successfully.
2026-02-23 01:28:41 - INFO - root - ✅ Logging initialized for FastAPI app.
2026-02-23 01:28:41 - INFO - API.main - 🧠 Running LangGraph pipeline for: 'send mail'
2026-02-23 01:28:41 - INFO - Workflow.workflow_graph - [TRACE_ID=7d95ffdd-fa91-4aa2-b09f-d42a02818744] ▶️ Entering node: intent_classifier | State keys: ['user_input', 'trace_id']
2026-02-23 01:28:41 - INFO - Utils.intent_classifier - 🧭 Classifying intent for: 'send mail'
2026-02-23 01:28:41 - INFO - Mixins.llm_client - Sending request to OpenRouter model=meta-llama/llama-3.3-70b-instruct
2026-02-23 01:28:42 - INFO - Mixins.llm_client - Received response from meta-llama/llama-3.3-70b-instruct in 1.77 seconds
2026-02-23 01:28:42 - INFO - Utils.intent_classifier - ✅ Intent classified in 1.77s | Raw response: ```json
{
  "intent": "send_email",
  "confidence": 0.8
}
```
2026-02-23 01:28:42 - INFO - Mixins.text_processor - ✅ JSON extracted successfully
2026-02-23 01:28:42 - INFO - Workflow.workflow_graph - [TRACE_ID=7d95ffdd-fa91-4aa2-b09f-d42a02818744] ✅ Node completed: intent_classifier | Duration: 1.77s
2026-02-23 01:28:42 - INFO - Workflow.workflow_graph - [TRACE_ID=d122be51-372c-4cf0-8232-bd2fb3397273] ▶️ Entering node: send_email | State keys: ['user_input', 'intent', 'confidence', 'intent_meta', 'trace_id']
2026-02-23 01:28:42 - INFO - Agents.EmailAgent.email_service - Resend API initialized successfully
2026-02-23 01:28:42 - INFO - Agents.DataQueryAgent.load_data - Data loaded successfully from Datafiles/filtered_leads.csv. Shape: (83, 88)
2026-02-23 01:28:42 - INFO - Agents.EmailAgent.email_service - Generating email content via LLM with provided context and information.
2026-02-23 01:28:42 - INFO - Mixins.llm_client - Sending request to OpenRouter model=meta-llama/llama-3.3-70b-instruct
2026-02-23 01:28:49 - INFO - Mixins.llm_client - Received response from meta-llama/llama-3.3-70b-instruct in 6.99 seconds
2026-02-23 01:28:49 - INFO - Mixins.text_processor - ✅ JSON extracted successfully
2026-02-23 01:28:49 - INFO - Workflow.workflow_graph - [TRACE_ID=d122be51-372c-4cf0-8232-bd2fb3397273] ✅ Node completed: send_email | Duration: 7.02s
2026-02-23 01:28:49 - INFO - API.main - ✅ LangGraph pipeline completed successfully.
2026-02-23 01:30:28 - INFO - root - ✅ Logging initialized for FastAPI app.
2026-02-23 01:30:28 - INFO - API.main - 🧠 Running LangGraph pipeline for: 'send mail'
2026-02-23 01:30:28 - INFO - Workflow.workflow_graph - [TRACE_ID=e6a10436-b44b-459a-af06-bb3d818cb82d] ▶️ Entering node: intent_classifier | State keys: ['user_input', 'trace_id']
2026-02-23 01:30:28 - INFO - Utils.intent_classifier - 🧭 Classifying intent for: 'send mail'
2026-02-23 01:30:28 - INFO - Mixins.llm_client - Sending request to OpenRouter model=meta-llama/llama-3.3-70b-instruct
2026-02-23 01:30:30 - INFO - Mixins.llm_client - Received response from meta-llama/llama-3.3-70b-instruct in 1.27 seconds
2026-02-23 01:30:30 - INFO - Utils.intent_classifier - ✅ Intent classified in 1.27s | Raw response: Based on the user's message, I would classify the intent as follows:

```
{
  "intent": "send_email",
  "confidence": 0.8
}
```

The user's message "send mail" is a clear indication of their intention to send an email, which aligns with the **send_email** category. The confidence level is set to 0.8, as the message is brief and doesn't provide additional context, but the intent is still relatively clear.
2026-02-23 01:30:30 - INFO - Mixins.text_processor - ✅ JSON extracted successfully
2026-02-23 01:30:30 - INFO - Workflow.workflow_graph - [TRACE_ID=e6a10436-b44b-459a-af06-bb3d818cb82d] ✅ Node completed: intent_classifier | Duration: 1.27s
2026-02-23 01:30:30 - INFO - Workflow.workflow_graph - [TRACE_ID=e45aafaa-5c94-492c-85aa-36225fa09ac3] ▶️ Entering node: send_email | State keys: ['user_input', 'intent', 'confidence', 'intent_meta', 'trace_id']
2026-02-23 01:30:30 - INFO - Agents.EmailAgent.email_service - Resend API initialized successfully
2026-02-23 01:30:30 - INFO - Agents.DataQueryAgent.load_data - Data loaded successfully from Datafiles/filtered_leads.csv. Shape: (83, 88)
2026-02-23 01:30:30 - INFO - Agents.EmailAgent.email_service - Generating email content via LLM with provided context and information.
2026-02-23 01:30:30 - INFO - Mixins.llm_client - Sending request to OpenRouter model=meta-llama/llama-3.3-70b-instruct
2026-02-23 01:30:39 - INFO - Mixins.llm_client - Received response from meta-llama/llama-3.3-70b-instruct in 9.69 seconds
2026-02-23 01:30:39 - INFO - Mixins.text_processor - ✅ JSON extracted successfully
2026-02-23 01:30:39 - INFO - Workflow.workflow_graph - [TRACE_ID=e45aafaa-5c94-492c-85aa-36225fa09ac3] ✅ Node completed: send_email | Duration: 9.71s
2026-02-23 01:30:39 - INFO - API.main - ✅ LangGraph pipeline completed successfully.
2026-02-23 01:30:41 - INFO - root - ✅ Logging initialized for FastAPI app.
2026-02-23 01:30:41 - INFO - API.main - 🧠 Running LangGraph pipeline for: 'send mail'
2026-02-23 01:30:41 - INFO - Workflow.workflow_graph - [TRACE_ID=5ffaffda-6183-44ff-b90a-c78ae17530ca] ▶️ Entering node: intent_classifier | State keys: ['user_input', 'trace_id']
2026-02-23 01:30:41 - INFO - Utils.intent_classifier - 🧭 Classifying intent for: 'send mail'
2026-02-23 01:30:41 - INFO - Mixins.llm_client - Sending request to OpenRouter model=meta-llama/llama-3.3-70b-instruct
2026-02-23 01:30:42 - INFO - Mixins.llm_client - Received response from meta-llama/llama-3.3-70b-instruct in 1.17 seconds
2026-02-23 01:30:42 - INFO - Utils.intent_classifier - ✅ Intent classified in 1.17s | Raw response: ```json
{
  "intent": "send_email",
  "confidence": 0.8
}
```
2026-02-23 01:30:42 - INFO - Mixins.text_processor - ✅ JSON extracted successfully
2026-02-23 01:30:42 - INFO - Workflow.workflow_graph - [TRACE_ID=5ffaffda-6183-44ff-b90a-c78ae17530ca] ✅ Node completed: intent_classifier | Duration: 1.17s
2026-02-23 01:30:42 - INFO - Workflow.workflow_graph - [TRACE_ID=ed6da670-a987-49e8-b59b-3cb6bc6f8fc9] ▶️ Entering node: send_email | State keys: ['user_input', 'intent', 'confidence', 'intent_meta', 'trace_id']
2026-02-23 01:30:42 - INFO - Agents.EmailAgent.email_service - Resend API initialized successfully
2026-02-23 01:30:42 - INFO - Agents.DataQueryAgent.load_data - Data loaded successfully from Datafiles/filtered_leads.csv. Shape: (83, 88)
2026-02-23 01:30:42 - INFO - Agents.EmailAgent.email_service - Generating email content via LLM with provided context and information.
2026-02-23 01:30:42 - INFO - Mixins.llm_client - Sending request to OpenRouter model=meta-llama/llama-3.3-70b-instruct
2026-02-23 01:30:44 - INFO - Mixins.llm_client - Received response from meta-llama/llama-3.3-70b-instruct in 1.77 seconds
2026-02-23 01:30:44 - INFO - Mixins.text_processor - ✅ JSON extracted successfully
2026-02-23 01:30:44 - INFO - Workflow.workflow_graph - [TRACE_ID=ed6da670-a987-49e8-b59b-3cb6bc6f8fc9] ✅ Node completed: send_email | Duration: 1.79s
2026-02-23 01:30:44 - INFO - API.main - ✅ LangGraph pipeline completed successfully.
2026-02-23 01:32:59 - INFO - root - ✅ Logging initialized for FastAPI app.
2026-02-23 01:32:59 - INFO - API.main - 🧠 Running LangGraph pipeline for: 'send mail'
2026-02-23 01:32:59 - INFO - Workflow.workflow_graph - [TRACE_ID=4e05a01b-e5de-427b-a52b-4d15846e50cc] ▶️ Entering node: intent_classifier | State keys: ['user_input', 'trace_id']
2026-02-23 01:32:59 - INFO - Utils.intent_classifier - 🧭 Classifying intent for: 'send mail'
2026-02-23 01:32:59 - INFO - Mixins.llm_client - Sending request to OpenRouter model=meta-llama/llama-3.3-70b-instruct
2026-02-23 01:33:24 - INFO - Mixins.llm_client - Received response from meta-llama/llama-3.3-70b-instruct in 21.88 seconds
2026-02-23 01:33:24 - ERROR - Utils.intent_classifier - Error in intent classification: 'str' object has no attribute 'get'
2026-02-23 01:33:24 - INFO - Workflow.workflow_graph - [TRACE_ID=4e05a01b-e5de-427b-a52b-4d15846e50cc] ✅ Node completed: intent_classifier | Duration: 21.88s
2026-02-23 01:33:24 - INFO - API.main - ✅ LangGraph pipeline completed successfully.
2026-02-23 01:33:42 - INFO - root - ✅ Logging initialized for FastAPI app.
2026-02-23 01:34:06 - INFO - root - ✅ Logging initialized for FastAPI app.
2026-02-23 01:34:14 - INFO - root - ✅ Logging initialized for FastAPI app.
2026-02-23 01:34:20 - INFO - API.main - 🧠 Running LangGraph pipeline for: 'send mail'
2026-02-23 01:34:20 - INFO - Workflow.workflow_graph - [TRACE_ID=7d299fa2-674c-4dab-89df-6e983e59f0b1] ▶️ Entering node: intent_classifier | State keys: ['user_input', 'trace_id']
2026-02-23 01:34:20 - INFO - Utils.intent_classifier - 🧭 Classifying intent for: 'send mail'
2026-02-23 01:34:20 - INFO - Mixins.llm_client - Sending request to OpenRouter model=meta-llama/llama-3.3-70b-instruct
2026-02-23 01:34:27 - INFO - Mixins.llm_client - Received response from meta-llama/llama-3.3-70b-instruct in 6.98 seconds
2026-02-23 01:34:27 - INFO - Mixins.text_processor - ✅ JSON extracted successfully
2026-02-23 01:34:27 - INFO - Utils.intent_classifier - ✅ Intent classified in 6.98s | Intent: send_email
2026-02-23 01:34:27 - INFO - Workflow.workflow_graph - [TRACE_ID=7d299fa2-674c-4dab-89df-6e983e59f0b1] ✅ Node completed: intent_classifier | Duration: 6.98s
2026-02-23 01:34:27 - INFO - Workflow.workflow_graph - [TRACE_ID=71dab55e-4111-4426-ad6f-2664556aeebf] ▶️ Entering node: send_email | State keys: ['user_input', 'intent', 'confidence', 'intent_meta', 'trace_id']
2026-02-23 01:34:27 - INFO - Agents.EmailAgent.email_service - Resend API initialized successfully
2026-02-23 01:34:27 - INFO - Agents.DataQueryAgent.load_data - Data loaded successfully from Datafiles/filtered_leads.csv. Shape: (83, 88)
2026-02-23 01:34:27 - INFO - Agents.EmailAgent.email_service - Generating email content via LLM with provided context and information.
2026-02-23 01:34:27 - INFO - Mixins.llm_client - Sending request to OpenRouter model=meta-llama/llama-3.3-70b-instruct
2026-02-23 01:34:28 - INFO - Mixins.llm_client - Received response from meta-llama/llama-3.3-70b-instruct in 1.63 seconds
2026-02-23 01:34:28 - INFO - Mixins.text_processor - ✅ JSON extracted successfully
2026-02-23 01:34:28 - INFO - Workflow.workflow_graph - [TRACE_ID=71dab55e-4111-4426-ad6f-2664556aeebf] ✅ Node completed: send_email | Duration: 1.64s
2026-02-23 01:34:28 - INFO - API.main - ✅ LangGraph pipeline completed successfully.
2026-02-23 01:39:25 - INFO - root - ✅ Logging initialized for FastAPI app.
2026-02-23 01:40:20 - INFO - root - ✅ Logging initialized for FastAPI app.
2026-02-23 01:44:57 - INFO - root - ✅ Logging initialized for FastAPI app.
2026-02-23 01:45:01 - INFO - root - ✅ Logging initialized for FastAPI app.
2026-02-23 01:45:05 - INFO - root - ✅ Logging initialized for FastAPI app.
2026-02-23 01:45:11 - INFO - root - ✅ Logging initialized for FastAPI app.
2026-02-23 01:45:13 - INFO - API.main - 🧠 Running LangGraph pipeline for: 'send mail'
2026-02-23 01:45:13 - INFO - Workflow.workflow_graph - [TRACE_ID=a7babd71-8124-487a-8636-7b50910494a3] ▶️ Entering node: intent_classifier | State keys: ['user_input', 'trace_id']
2026-02-23 01:45:13 - INFO - Utils.intent_classifier - 🧭 Classifying intent for: 'send mail'
2026-02-23 01:45:13 - INFO - Mixins.llm_client - Sending request to OpenRouter model=meta-llama/llama-3.3-70b-instruct
2026-02-23 01:45:20 - INFO - Mixins.llm_client - Received response from meta-llama/llama-3.3-70b-instruct in 3.62 seconds
2026-02-23 01:45:20 - INFO - Mixins.text_processor - ✅ JSON extracted successfully
2026-02-23 01:45:20 - INFO - Utils.intent_classifier - ✅ Intent classified in 3.62s | Intent: send_email
2026-02-23 01:45:20 - INFO - Workflow.workflow_graph - [TRACE_ID=a7babd71-8124-487a-8636-7b50910494a3] ✅ Node completed: intent_classifier | Duration: 3.62s
2026-02-23 01:45:20 - INFO - Workflow.workflow_graph - [TRACE_ID=3c79b211-738c-4dd6-991d-3b295c4ab6ec] ▶️ Entering node: send_email | State keys: ['user_input', 'intent', 'confidence', 'intent_meta', 'trace_id']
2026-02-23 01:45:20 - INFO - Agents.EmailAgent.email_service - Resend API initialized successfully
2026-02-23 01:45:20 - INFO - Agents.DataQueryAgent.load_data - Data loaded successfully from Datafiles/filtered_leads.csv. Shape: (83, 88)
2026-02-23 01:45:20 - INFO - Agents.EmailAgent.email_service - Generating email content via LLM with provided context and information.
2026-02-23 01:45:20 - INFO - Mixins.llm_client - Sending request to OpenRouter model=meta-llama/llama-3.3-70b-instruct
2026-02-23 01:45:25 - INFO - Mixins.llm_client - Received response from meta-llama/llama-3.3-70b-instruct in 4.80 seconds
2026-02-23 01:45:25 - INFO - Mixins.text_processor - ✅ JSON extracted successfully
2026-02-23 01:45:25 - INFO - Workflow.workflow_graph - [TRACE_ID=3c79b211-738c-4dd6-991d-3b295c4ab6ec] ✅ Node completed: send_email | Duration: 4.81s
2026-02-23 01:45:25 - INFO - API.main - ✅ LangGraph pipeline completed successfully.
2026-02-23 01:45:42 - INFO - root - ✅ Logging initialized for FastAPI app.
2026-02-23 01:46:57 - INFO - root - ✅ Logging initialized for FastAPI app.
2026-02-23 01:46:58 - INFO - root - ✅ Logging initialized for FastAPI app.
2026-02-23 01:46:58 - INFO - API.main - 🧠 Running LangGraph pipeline for: 'send mail'
2026-02-23 01:46:58 - INFO - Workflow.workflow_graph - [TRACE_ID=a012cbb6-30b5-4255-96c3-af577093e28c] ▶️ Entering node: intent_classifier | State keys: ['user_input', 'trace_id']
2026-02-23 01:46:58 - INFO - Utils.intent_classifier - 🧭 Classifying intent for: 'send mail'
2026-02-23 01:46:58 - INFO - Mixins.llm_client - Sending request to OpenRouter model=meta-llama/llama-3.3-70b-instruct
2026-02-23 01:47:19 - INFO - Mixins.llm_client - Received response from meta-llama/llama-3.3-70b-instruct in 17.11 seconds
2026-02-23 01:47:19 - INFO - Mixins.text_processor - ✅ JSON extracted successfully
2026-02-23 01:47:19 - INFO - Utils.intent_classifier - ✅ Intent classified in 17.11s | Intent: send_email
2026-02-23 01:47:19 - INFO - Workflow.workflow_graph - [TRACE_ID=a012cbb6-30b5-4255-96c3-af577093e28c] ✅ Node completed: intent_classifier | Duration: 17.11s
2026-02-23 01:47:19 - INFO - Workflow.workflow_graph - [TRACE_ID=81958d28-b8c6-4bd5-b65d-f601e90532be] ▶️ Entering node: send_email | State keys: ['user_input', 'intent', 'confidence', 'intent_meta', 'trace_id']
2026-02-23 01:47:19 - INFO - Agents.EmailAgent.email_service - Resend API initialized successfully
2026-02-23 01:47:19 - INFO - Agents.DataQueryAgent.load_data - Data loaded successfully from Datafiles/filtered_leads.csv. Shape: (83, 88)
2026-02-23 01:47:19 - ERROR - Workflow.workflow_graph - [TRACE_ID=81958d28-b8c6-4bd5-b65d-f601e90532be] ❌ Error in node: send_email | Duration: 0.03s | Error: name 'emails_list' is not defined
Traceback (most recent call last):
  File "/work/Projects/Hiring_Asg/Ema/SDR_Agent/Workflow/workflow_graph.py", line 27, in wrapper
    result = await func(state)
             ^^^^^^^^^^^^^^^^^
  File "/work/Projects/Hiring_Asg/Ema/SDR_Agent/Workflow/workflow_graph.py", line 72, in email_node
    result = await agent.get_email_ids()
             ^^^^^^^^^^^^^^^^^^^^^^^^^^^
  File "/work/Projects/Hiring_Asg/Ema/SDR_Agent/Agents/EmailAgent/email_agent.py", line 20, in get_email_ids
    customer_info=str(emails_list[0]),
                      ^^^^^^^^^^^
NameError: name 'emails_list' is not defined
2026-02-23 01:47:19 - ERROR - API.main - Error while running LangGraph pipeline: name 'emails_list' is not defined
Traceback (most recent call last):
  File "/work/Projects/Hiring_Asg/Ema/SDR_Agent/API/main.py", line 128, in run_graph
    result = await graph.ainvoke(state)
            ^^^^^^^^^^^^^^^^^^^^^^^^^^
  File "/work/Projects/Hiring_Asg/venv312/lib/python3.12/site-packages/langgraph/pregel/main.py", line 3161, in ainvoke
    async for chunk in self.astream(
  File "/work/Projects/Hiring_Asg/venv312/lib/python3.12/site-packages/langgraph/pregel/main.py", line 2974, in astream
    async for _ in runner.atick(
  File "/work/Projects/Hiring_Asg/venv312/lib/python3.12/site-packages/langgraph/pregel/_runner.py", line 304, in atick
    await arun_with_retry(
  File "/work/Projects/Hiring_Asg/venv312/lib/python3.12/site-packages/langgraph/pregel/_retry.py", line 138, in arun_with_retry
    return await task.proc.ainvoke(task.input, config)
           ^^^^^^^^^^^^^^^^^^^^^^^^^^^^^^^^^^^^^^^^^^^
  File "/work/Projects/Hiring_Asg/venv312/lib/python3.12/site-packages/langgraph/_internal/_runnable.py", line 705, in ainvoke
    input = await asyncio.create_task(
            ^^^^^^^^^^^^^^^^^^^^^^^^^^
  File "/work/Projects/Hiring_Asg/venv312/lib/python3.12/site-packages/langgraph/_internal/_runnable.py", line 473, in ainvoke
    ret = await self.afunc(*args, **kwargs)
          ^^^^^^^^^^^^^^^^^^^^^^^^^^^^^^^^^
  File "/work/Projects/Hiring_Asg/Ema/SDR_Agent/Workflow/workflow_graph.py", line 27, in wrapper
    result = await func(state)
             ^^^^^^^^^^^^^^^^^
  File "/work/Projects/Hiring_Asg/Ema/SDR_Agent/Workflow/workflow_graph.py", line 72, in email_node
    result = await agent.get_email_ids()
             ^^^^^^^^^^^^^^^^^^^^^^^^^^^
  File "/work/Projects/Hiring_Asg/Ema/SDR_Agent/Agents/EmailAgent/email_agent.py", line 20, in get_email_ids
    customer_info=str(emails_list[0]),
                      ^^^^^^^^^^^
NameError: name 'emails_list' is not defined
During task with name 'send_email' and id '63c0b0b4-0ee4-de36-2a39-8c5dc775a2d0'
2026-02-23 01:47:32 - INFO - root - ✅ Logging initialized for FastAPI app.
2026-02-23 01:47:33 - INFO - API.main - 🧠 Running LangGraph pipeline for: 'send mail'
2026-02-23 01:47:33 - INFO - Workflow.workflow_graph - [TRACE_ID=59b9e9ef-8f34-4ba0-8fdf-ffe2f53abba1] ▶️ Entering node: intent_classifier | State keys: ['user_input', 'trace_id']
2026-02-23 01:47:33 - INFO - Utils.intent_classifier - 🧭 Classifying intent for: 'send mail'
2026-02-23 01:47:33 - INFO - Mixins.llm_client - Sending request to OpenRouter model=meta-llama/llama-3.3-70b-instruct
2026-02-23 01:47:34 - INFO - Mixins.llm_client - Received response from meta-llama/llama-3.3-70b-instruct in 0.76 seconds
2026-02-23 01:47:34 - INFO - Mixins.text_processor - ✅ JSON extracted successfully
2026-02-23 01:47:34 - INFO - Utils.intent_classifier - ✅ Intent classified in 0.76s | Intent: send_email
2026-02-23 01:47:34 - INFO - Workflow.workflow_graph - [TRACE_ID=59b9e9ef-8f34-4ba0-8fdf-ffe2f53abba1] ✅ Node completed: intent_classifier | Duration: 0.76s
2026-02-23 01:47:34 - INFO - Workflow.workflow_graph - [TRACE_ID=ff3bd5fb-827c-4709-b00d-a83f39bdf134] ▶️ Entering node: send_email | State keys: ['user_input', 'intent', 'confidence', 'intent_meta', 'trace_id']
2026-02-23 01:47:34 - INFO - Agents.EmailAgent.email_service - Resend API initialized successfully
2026-02-23 01:47:34 - INFO - Agents.DataQueryAgent.load_data - Data loaded successfully from Datafiles/filtered_leads.csv. Shape: (83, 88)
2026-02-23 01:47:34 - INFO - Agents.EmailAgent.email_service - Generating email content via LLM with provided context and information.
2026-02-23 01:47:34 - INFO - Mixins.llm_client - Sending request to OpenRouter model=meta-llama/llama-3.3-70b-instruct
2026-02-23 01:47:49 - INFO - Mixins.llm_client - Received response from meta-llama/llama-3.3-70b-instruct in 10.72 seconds
2026-02-23 01:47:49 - INFO - Mixins.text_processor - ✅ JSON extracted successfully
2026-02-23 01:47:49 - INFO - Workflow.workflow_graph - [TRACE_ID=ff3bd5fb-827c-4709-b00d-a83f39bdf134] ✅ Node completed: send_email | Duration: 10.74s
2026-02-23 01:47:49 - INFO - API.main - ✅ LangGraph pipeline completed successfully.
2026-02-23 01:48:43 - INFO - root - ✅ Logging initialized for FastAPI app.
2026-02-23 01:48:44 - INFO - root - ✅ Logging initialized for FastAPI app.
2026-02-23 01:48:45 - INFO - API.main - 🧠 Running LangGraph pipeline for: 'send mail'
2026-02-23 01:48:45 - INFO - Workflow.workflow_graph - [TRACE_ID=7ac0cc42-2465-4212-b44b-b9390b5d3ae4] ▶️ Entering node: intent_classifier | State keys: ['user_input', 'trace_id']
2026-02-23 01:48:45 - INFO - Utils.intent_classifier - 🧭 Classifying intent for: 'send mail'
2026-02-23 01:48:45 - INFO - Mixins.llm_client - Sending request to OpenRouter model=meta-llama/llama-3.3-70b-instruct
2026-02-23 01:48:49 - INFO - Mixins.llm_client - Received response from meta-llama/llama-3.3-70b-instruct in 3.62 seconds
2026-02-23 01:48:49 - INFO - Mixins.text_processor - ✅ JSON extracted successfully
2026-02-23 01:48:49 - INFO - Utils.intent_classifier - ✅ Intent classified in 3.62s | Intent: send_email
2026-02-23 01:48:49 - INFO - Workflow.workflow_graph - [TRACE_ID=7ac0cc42-2465-4212-b44b-b9390b5d3ae4] ✅ Node completed: intent_classifier | Duration: 3.63s
2026-02-23 01:48:49 - INFO - Workflow.workflow_graph - [TRACE_ID=b5f701f5-8c9f-4fca-a325-94444daa8441] ▶️ Entering node: send_email | State keys: ['user_input', 'intent', 'confidence', 'intent_meta', 'trace_id']
2026-02-23 01:48:49 - INFO - Agents.EmailAgent.email_service - Resend API initialized successfully
2026-02-23 01:48:49 - INFO - Agents.DataQueryAgent.load_data - Data loaded successfully from Datafiles/filtered_leads.csv. Shape: (83, 88)
2026-02-23 01:48:49 - INFO - Agents.EmailAgent.email_service - Generating email content via LLM with provided context and information.
2026-02-23 01:48:49 - INFO - Mixins.llm_client - Sending request to OpenRouter model=meta-llama/llama-3.3-70b-instruct
2026-02-23 01:48:54 - INFO - Mixins.llm_client - Received response from meta-llama/llama-3.3-70b-instruct in 1.46 seconds
2026-02-23 01:48:54 - INFO - Mixins.text_processor - ✅ JSON extracted successfully
2026-02-23 01:48:54 - INFO - Workflow.workflow_graph - [TRACE_ID=b5f701f5-8c9f-4fca-a325-94444daa8441] ✅ Node completed: send_email | Duration: 1.47s
2026-02-23 01:48:54 - INFO - API.main - ✅ LangGraph pipeline completed successfully.
2026-02-23 01:50:00 - INFO - root - ✅ Logging initialized for FastAPI app.
2026-02-23 01:50:00 - INFO - API.main - 🧠 Running LangGraph pipeline for: 'send mail'
2026-02-23 01:50:00 - INFO - Workflow.workflow_graph - [TRACE_ID=65db13fd-1ad6-4e05-9bb0-e2d148d5cbc7] ▶️ Entering node: intent_classifier | State keys: ['user_input', 'trace_id']
2026-02-23 01:50:00 - INFO - Utils.intent_classifier - 🧭 Classifying intent for: 'send mail'
2026-02-23 01:50:00 - INFO - Mixins.llm_client - Sending request to OpenRouter model=meta-llama/llama-3.3-70b-instruct
2026-02-23 01:50:16 - INFO - Mixins.llm_client - Received response from meta-llama/llama-3.3-70b-instruct in 11.86 seconds
2026-02-23 01:50:16 - INFO - Mixins.text_processor - ✅ JSON extracted successfully
2026-02-23 01:50:16 - INFO - Utils.intent_classifier - ✅ Intent classified in 11.87s | Intent: send_email
2026-02-23 01:50:16 - INFO - Workflow.workflow_graph - [TRACE_ID=65db13fd-1ad6-4e05-9bb0-e2d148d5cbc7] ✅ Node completed: intent_classifier | Duration: 11.87s
2026-02-23 01:50:16 - INFO - Workflow.workflow_graph - [TRACE_ID=c2b55bb1-42ba-4b94-8786-fb761cda1616] ▶️ Entering node: send_email | State keys: ['user_input', 'intent', 'confidence', 'intent_meta', 'trace_id']
2026-02-23 01:50:16 - INFO - Agents.EmailAgent.email_service - Resend API initialized successfully
2026-02-23 01:50:16 - INFO - Agents.DataQueryAgent.load_data - Data loaded successfully from Datafiles/filtered_leads.csv. Shape: (83, 88)
2026-02-23 01:50:16 - INFO - Agents.EmailAgent.email_service - Generating email content via LLM with provided context and information.
2026-02-23 01:50:16 - INFO - Mixins.llm_client - Sending request to OpenRouter model=meta-llama/llama-3.3-70b-instruct
2026-02-23 01:50:20 - INFO - Mixins.llm_client - Received response from meta-llama/llama-3.3-70b-instruct in 4.68 seconds
2026-02-23 01:50:20 - INFO - Mixins.text_processor - ✅ JSON extracted successfully
2026-02-23 01:50:20 - INFO - Workflow.workflow_graph - [TRACE_ID=c2b55bb1-42ba-4b94-8786-fb761cda1616] ✅ Node completed: send_email | Duration: 4.70s
2026-02-23 01:50:20 - INFO - API.main - ✅ LangGraph pipeline completed successfully.
2026-02-23 01:51:21 - INFO - root - ✅ Logging initialized for FastAPI app.
2026-02-23 01:51:21 - INFO - API.main - 🧠 Running LangGraph pipeline for: 'send mail'
2026-02-23 01:51:21 - INFO - Workflow.workflow_graph - [TRACE_ID=ddadc198-894e-45ab-b99d-1da42094a56b] ▶️ Entering node: intent_classifier | State keys: ['user_input', 'trace_id']
2026-02-23 01:51:21 - INFO - Utils.intent_classifier - 🧭 Classifying intent for: 'send mail'
2026-02-23 01:51:21 - INFO - Mixins.llm_client - Sending request to OpenRouter model=meta-llama/llama-3.3-70b-instruct
2026-02-23 01:51:30 - INFO - Mixins.llm_client - Received response from meta-llama/llama-3.3-70b-instruct in 8.86 seconds
2026-02-23 01:51:30 - INFO - Mixins.text_processor - ✅ JSON extracted successfully
2026-02-23 01:51:30 - INFO - Utils.intent_classifier - ✅ Intent classified in 8.86s | Intent: send_email
2026-02-23 01:51:30 - INFO - Workflow.workflow_graph - [TRACE_ID=ddadc198-894e-45ab-b99d-1da42094a56b] ✅ Node completed: intent_classifier | Duration: 8.86s
2026-02-23 01:51:30 - INFO - Workflow.workflow_graph - [TRACE_ID=719c1229-a53f-430c-92dc-bebaef7754fc] ▶️ Entering node: send_email | State keys: ['user_input', 'intent', 'confidence', 'intent_meta', 'trace_id']
2026-02-23 01:51:30 - INFO - Agents.EmailAgent.email_service - Resend API initialized successfully
2026-02-23 01:51:30 - INFO - Agents.DataQueryAgent.load_data - Data loaded successfully from Datafiles/filtered_leads.csv. Shape: (83, 88)
2026-02-23 01:51:30 - INFO - Agents.EmailAgent.email_service - Generating email content via LLM with provided context and information.
2026-02-23 01:51:30 - INFO - Mixins.llm_client - Sending request to OpenRouter model=meta-llama/llama-3.3-70b-instruct
2026-02-23 01:51:36 - INFO - Mixins.llm_client - Received response from meta-llama/llama-3.3-70b-instruct in 6.19 seconds
2026-02-23 01:51:36 - INFO - Mixins.text_processor - ✅ JSON extracted successfully
2026-02-23 01:51:36 - INFO - Workflow.workflow_graph - [TRACE_ID=719c1229-a53f-430c-92dc-bebaef7754fc] ✅ Node completed: send_email | Duration: 6.21s
2026-02-23 01:51:36 - INFO - API.main - ✅ LangGraph pipeline completed successfully.
2026-02-23 01:51:52 - INFO - root - ✅ Logging initialized for FastAPI app.
2026-02-23 01:52:09 - INFO - root - ✅ Logging initialized for FastAPI app.
2026-02-23 01:52:09 - INFO - API.main - 🧠 Running LangGraph pipeline for: 'send mail'
2026-02-23 01:52:09 - INFO - Workflow.workflow_graph - [TRACE_ID=d6610cda-b2b2-449f-a5dd-105dbabfa19b] ▶️ Entering node: intent_classifier | State keys: ['user_input', 'trace_id']
2026-02-23 01:52:09 - INFO - Utils.intent_classifier - 🧭 Classifying intent for: 'send mail'
2026-02-23 01:52:09 - INFO - Mixins.llm_client - Sending request to OpenRouter model=meta-llama/llama-3.3-70b-instruct
2026-02-23 01:52:20 - INFO - Mixins.llm_client - Received response from meta-llama/llama-3.3-70b-instruct in 11.59 seconds
2026-02-23 01:52:20 - INFO - Mixins.text_processor - ✅ JSON extracted successfully
2026-02-23 01:52:20 - INFO - Utils.intent_classifier - ✅ Intent classified in 11.59s | Intent: send_email
2026-02-23 01:52:20 - INFO - Workflow.workflow_graph - [TRACE_ID=d6610cda-b2b2-449f-a5dd-105dbabfa19b] ✅ Node completed: intent_classifier | Duration: 11.59s
2026-02-23 01:52:20 - INFO - Workflow.workflow_graph - [TRACE_ID=75a5cbfb-34c0-49be-b1f5-20f29e1555cc] ▶️ Entering node: send_email | State keys: ['user_input', 'intent', 'confidence', 'intent_meta', 'trace_id']
2026-02-23 01:52:20 - INFO - Agents.EmailAgent.email_service - Resend API initialized successfully
2026-02-23 01:52:20 - INFO - Agents.DataQueryAgent.load_data - Data loaded successfully from Datafiles/filtered_leads.csv. Shape: (83, 88)
2026-02-23 01:52:20 - INFO - Agents.EmailAgent.email_service - Generating email content via LLM with provided context and information.
2026-02-23 01:52:20 - INFO - Mixins.llm_client - Sending request to OpenRouter model=meta-llama/llama-3.3-70b-instruct
2026-02-23 01:52:22 - INFO - Mixins.llm_client - Received response from meta-llama/llama-3.3-70b-instruct in 2.09 seconds
2026-02-23 01:52:22 - INFO - Mixins.text_processor - ✅ JSON extracted successfully
2026-02-23 01:52:22 - INFO - Workflow.workflow_graph - [TRACE_ID=75a5cbfb-34c0-49be-b1f5-20f29e1555cc] ✅ Node completed: send_email | Duration: 2.10s
2026-02-23 01:52:22 - INFO - API.main - ✅ LangGraph pipeline completed successfully.
2026-02-23 01:52:47 - INFO - root - ✅ Logging initialized for FastAPI app.
2026-02-23 01:53:06 - INFO - root - ✅ Logging initialized for FastAPI app.
2026-02-23 01:53:19 - INFO - root - ✅ Logging initialized for FastAPI app.
2026-02-23 01:53:56 - INFO - root - ✅ Logging initialized for FastAPI app.
2026-02-23 01:55:03 - INFO - root - ✅ Logging initialized for FastAPI app.
2026-02-23 01:55:14 - INFO - root - ✅ Logging initialized for FastAPI app.
2026-02-23 01:55:28 - INFO - root - ✅ Logging initialized for FastAPI app.
2026-02-23 01:55:48 - INFO - root - ✅ Logging initialized for FastAPI app.
2026-02-23 01:56:14 - INFO - root - ✅ Logging initialized for FastAPI app.
2026-02-23 01:56:27 - INFO - root - ✅ Logging initialized for FastAPI app.
2026-02-23 01:56:30 - INFO - API.main - 🧠 Running LangGraph pipeline for: 'send mail'
2026-02-23 01:56:30 - INFO - Workflow.workflow_graph - [TRACE_ID=c7d05487-d2d0-4d76-9620-393a2044d7de] ▶️ Entering node: intent_classifier | State keys: ['user_input', 'trace_id']
2026-02-23 01:56:30 - INFO - Utils.intent_classifier - 🧭 Classifying intent for: 'send mail'
2026-02-23 01:56:30 - INFO - Mixins.llm_client - Sending request to OpenRouter model=meta-llama/llama-3.3-70b-instruct
2026-02-23 01:56:33 - INFO - Mixins.llm_client - Received response from meta-llama/llama-3.3-70b-instruct in 2.66 seconds
2026-02-23 01:56:33 - INFO - Mixins.text_processor - ✅ JSON extracted successfully
2026-02-23 01:56:33 - INFO - Utils.intent_classifier - ✅ Intent classified in 2.66s | Intent: send_email
2026-02-23 01:56:33 - INFO - Workflow.workflow_graph - [TRACE_ID=c7d05487-d2d0-4d76-9620-393a2044d7de] ✅ Node completed: intent_classifier | Duration: 2.66s
2026-02-23 01:56:33 - INFO - Workflow.workflow_graph - [TRACE_ID=649e7958-8b47-471f-a68e-cb67612b8990] ▶️ Entering node: send_email | State keys: ['user_input', 'intent', 'confidence', 'intent_meta', 'trace_id']
2026-02-23 01:56:33 - INFO - Agents.EmailAgent.email_service - Resend API initialized successfully
2026-02-23 01:56:33 - INFO - Agents.DataQueryAgent.load_data - Data loaded successfully from Datafiles/filtered_leads.csv. Shape: (83, 88)
2026-02-23 01:56:33 - INFO - Agents.EmailAgent.email_service - Generating email content via LLM with provided context and information.
2026-02-23 01:56:33 - INFO - Mixins.llm_client - Sending request to OpenRouter model=meta-llama/llama-3.3-70b-instruct
2026-02-23 01:56:33 - INFO - Mixins.llm_client - Received response from meta-llama/llama-3.3-70b-instruct in 0.64 seconds
2026-02-23 01:56:33 - INFO - Mixins.text_processor - ✅ JSON extracted successfully
2026-02-23 01:56:33 - INFO - Agents.EmailAgent.email_service - ✅ Email sent successfully to ['harshitkumar454@gmail.com']
2026-02-23 01:56:33 - INFO - Agents.EmailAgent.email_service - Generating email content via LLM with provided context and information.
2026-02-23 01:56:33 - INFO - Mixins.llm_client - Sending request to OpenRouter model=meta-llama/llama-3.3-70b-instruct
2026-02-23 01:56:43 - INFO - Mixins.llm_client - Received response from meta-llama/llama-3.3-70b-instruct in 6.28 seconds
2026-02-23 01:56:43 - INFO - Mixins.text_processor - ✅ JSON extracted successfully
2026-02-23 01:56:44 - INFO - Agents.EmailAgent.email_service - ✅ Email sent successfully to ['harshitkumar454@gmail.com']
2026-02-23 01:56:44 - INFO - Agents.EmailAgent.email_service - Generating email content via LLM with provided context and information.
2026-02-23 01:56:44 - INFO - Mixins.llm_client - Sending request to OpenRouter model=meta-llama/llama-3.3-70b-instruct
2026-02-23 01:56:45 - INFO - Mixins.llm_client - Received response from meta-llama/llama-3.3-70b-instruct in 1.82 seconds
2026-02-23 01:56:45 - INFO - Mixins.text_processor - ✅ JSON extracted successfully
2026-02-23 01:56:46 - INFO - Agents.EmailAgent.email_service - ✅ Email sent successfully to ['harshitkumar454@gmail.com']
2026-02-23 01:56:46 - INFO - Workflow.workflow_graph - [TRACE_ID=649e7958-8b47-471f-a68e-cb67612b8990] ✅ Node completed: send_email | Duration: 9.68s
2026-02-23 01:56:46 - INFO - API.main - ✅ LangGraph pipeline completed successfully.
2026-02-23 01:57:58 - INFO - root - ✅ Logging initialized for FastAPI app.
2026-02-23 01:58:00 - INFO - API.main - 🧠 Running LangGraph pipeline for: 'send mail'
2026-02-23 01:58:00 - INFO - Workflow.workflow_graph - [TRACE_ID=8c2f45cb-c574-430b-8129-5285d4f8644b] ▶️ Entering node: intent_classifier | State keys: ['user_input', 'trace_id']
2026-02-23 01:58:00 - INFO - Utils.intent_classifier - 🧭 Classifying intent for: 'send mail'
2026-02-23 01:58:00 - INFO - Mixins.llm_client - Sending request to OpenRouter model=meta-llama/llama-3.3-70b-instruct
2026-02-23 01:58:06 - INFO - Mixins.llm_client - Received response from meta-llama/llama-3.3-70b-instruct in 5.29 seconds
2026-02-23 01:58:06 - INFO - Mixins.text_processor - ✅ JSON extracted successfully
2026-02-23 01:58:06 - INFO - Utils.intent_classifier - ✅ Intent classified in 5.29s | Intent: send_email
2026-02-23 01:58:06 - INFO - Workflow.workflow_graph - [TRACE_ID=8c2f45cb-c574-430b-8129-5285d4f8644b] ✅ Node completed: intent_classifier | Duration: 5.29s
2026-02-23 01:58:06 - INFO - Workflow.workflow_graph - [TRACE_ID=c1566ef3-54bd-45d6-9507-cfdac143e756] ▶️ Entering node: send_email | State keys: ['user_input', 'intent', 'confidence', 'intent_meta', 'trace_id']
2026-02-23 01:58:06 - INFO - Agents.EmailAgent.email_service - Resend API initialized successfully
2026-02-23 01:58:06 - INFO - Agents.DataQueryAgent.load_data - Data loaded successfully from Datafiles/filtered_leads.csv. Shape: (83, 88)
2026-02-23 01:58:06 - INFO - Agents.EmailAgent.email_service - Generating email content via LLM with provided context and information.
2026-02-23 01:58:06 - INFO - Mixins.llm_client - Sending request to OpenRouter model=meta-llama/llama-3.3-70b-instruct
2026-02-23 01:58:15 - INFO - Mixins.llm_client - Received response from meta-llama/llama-3.3-70b-instruct in 9.23 seconds
2026-02-23 01:58:15 - INFO - Mixins.text_processor - ✅ JSON extracted successfully
2026-02-23 01:58:15 - INFO - Agents.EmailAgent.email_service - ✅ Email sent successfully to ['harshitkumar454@gmail.com']
2026-02-23 01:58:15 - INFO - Agents.EmailAgent.email_service - Generating email content via LLM with provided context and information.
2026-02-23 01:58:15 - INFO - Mixins.llm_client - Sending request to OpenRouter model=meta-llama/llama-3.3-70b-instruct
2026-02-23 01:58:18 - INFO - Mixins.llm_client - Received response from meta-llama/llama-3.3-70b-instruct in 2.48 seconds
2026-02-23 01:58:18 - INFO - Mixins.text_processor - ✅ JSON extracted successfully
2026-02-23 01:58:18 - INFO - Agents.EmailAgent.email_service - ✅ Email sent successfully to ['harshitkumar454@gmail.com']
2026-02-23 01:58:18 - INFO - Agents.EmailAgent.email_service - Generating email content via LLM with provided context and information.
2026-02-23 01:58:18 - INFO - Mixins.llm_client - Sending request to OpenRouter model=meta-llama/llama-3.3-70b-instruct
2026-02-23 01:58:22 - INFO - Mixins.llm_client - Received response from meta-llama/llama-3.3-70b-instruct in 3.56 seconds
2026-02-23 01:58:22 - INFO - Mixins.text_processor - ✅ JSON extracted successfully
2026-02-23 01:58:26 - INFO - Agents.EmailAgent.email_service - ✅ Email sent successfully to ['harshitkumar454@gmail.com']
2026-02-23 01:58:26 - INFO - Workflow.workflow_graph - [TRACE_ID=c1566ef3-54bd-45d6-9507-cfdac143e756] ✅ Node completed: send_email | Duration: 16.77s
2026-02-23 01:58:26 - INFO - API.main - ✅ LangGraph pipeline completed successfully.
2026-02-23 01:58:50 - INFO - root - ✅ Logging initialized for FastAPI app.
2026-02-23 01:58:50 - INFO - API.main - 🧠 Running LangGraph pipeline for: 'send mail'
2026-02-23 01:58:50 - INFO - Workflow.workflow_graph - [TRACE_ID=434e020f-cb77-4eef-a510-3f8f087fa444] ▶️ Entering node: intent_classifier | State keys: ['user_input', 'trace_id']
2026-02-23 01:58:50 - INFO - Utils.intent_classifier - 🧭 Classifying intent for: 'send mail'
2026-02-23 01:58:50 - INFO - Mixins.llm_client - Sending request to OpenRouter model=meta-llama/llama-3.3-70b-instruct
2026-02-23 01:59:08 - INFO - Mixins.llm_client - Received response from meta-llama/llama-3.3-70b-instruct in 14.41 seconds
2026-02-23 01:59:08 - INFO - Mixins.text_processor - ✅ JSON extracted successfully
2026-02-23 01:59:08 - INFO - Utils.intent_classifier - ✅ Intent classified in 14.41s | Intent: send_email
2026-02-23 01:59:08 - INFO - Workflow.workflow_graph - [TRACE_ID=434e020f-cb77-4eef-a510-3f8f087fa444] ✅ Node completed: intent_classifier | Duration: 14.42s
2026-02-23 01:59:08 - INFO - Workflow.workflow_graph - [TRACE_ID=64a0e4aa-fe14-491c-b6e6-0b541c20f9b8] ▶️ Entering node: send_email | State keys: ['user_input', 'intent', 'confidence', 'intent_meta', 'trace_id']
2026-02-23 01:59:08 - INFO - Agents.EmailAgent.email_service - Resend API initialized successfully
2026-02-23 01:59:08 - INFO - Agents.DataQueryAgent.load_data - Data loaded successfully from Datafiles/filtered_leads.csv. Shape: (83, 88)
2026-02-23 01:59:08 - INFO - Agents.EmailAgent.email_service - Generating email content via LLM with provided context and information.
2026-02-23 01:59:08 - INFO - Mixins.llm_client - Sending request to OpenRouter model=meta-llama/llama-3.3-70b-instruct
2026-02-23 01:59:22 - INFO - Mixins.llm_client - Received response from meta-llama/llama-3.3-70b-instruct in 13.28 seconds
2026-02-23 01:59:22 - INFO - Mixins.text_processor - ✅ JSON extracted successfully
2026-02-23 01:59:22 - INFO - Agents.EmailAgent.email_service - ✅ Email sent successfully to ['harshitkumar454@gmail.com']
2026-02-23 01:59:22 - INFO - Agents.EmailAgent.email_service - Generating email content via LLM with provided context and information.
2026-02-23 01:59:22 - INFO - Mixins.llm_client - Sending request to OpenRouter model=meta-llama/llama-3.3-70b-instruct
2026-02-23 01:59:25 - INFO - Mixins.llm_client - Received response from meta-llama/llama-3.3-70b-instruct in 3.05 seconds
2026-02-23 01:59:25 - INFO - Mixins.text_processor - ✅ JSON extracted successfully
2026-02-23 01:59:26 - INFO - Agents.EmailAgent.email_service - ✅ Email sent successfully to ['harshitkumar454@gmail.com']
2026-02-23 01:59:26 - INFO - Agents.EmailAgent.email_service - Generating email content via LLM with provided context and information.
2026-02-23 01:59:26 - INFO - Mixins.llm_client - Sending request to OpenRouter model=meta-llama/llama-3.3-70b-instruct
2026-02-23 01:59:28 - INFO - Mixins.llm_client - Received response from meta-llama/llama-3.3-70b-instruct in 1.91 seconds
2026-02-23 01:59:28 - INFO - Mixins.text_processor - ✅ JSON extracted successfully
2026-02-23 01:59:28 - INFO - Agents.EmailAgent.email_service - ✅ Email sent successfully to ['harshitkumar454@gmail.com']
2026-02-23 01:59:28 - INFO - Workflow.workflow_graph - [TRACE_ID=64a0e4aa-fe14-491c-b6e6-0b541c20f9b8] ✅ Node completed: send_email | Duration: 19.42s
2026-02-23 01:59:28 - INFO - API.main - ✅ LangGraph pipeline completed successfully.
2026-02-23 02:01:05 - INFO - root - ✅ Logging initialized for FastAPI app.
2026-02-23 02:01:06 - INFO - API.main - 🧠 Running LangGraph pipeline for: 'send mail'
2026-02-23 02:01:06 - INFO - Workflow.workflow_graph - [TRACE_ID=e38ca30e-36e1-472a-a040-b93d6b01c787] ▶️ Entering node: intent_classifier | State keys: ['user_input', 'trace_id']
2026-02-23 02:01:06 - INFO - Utils.intent_classifier - 🧭 Classifying intent for: 'send mail'
2026-02-23 02:01:06 - INFO - Mixins.llm_client - Sending request to OpenRouter model=meta-llama/llama-3.3-70b-instruct
2026-02-23 02:01:09 - INFO - Mixins.llm_client - Received response from meta-llama/llama-3.3-70b-instruct in 3.47 seconds
2026-02-23 02:01:09 - INFO - Mixins.text_processor - ✅ JSON extracted successfully
2026-02-23 02:01:09 - INFO - Utils.intent_classifier - ✅ Intent classified in 3.47s | Intent: send_email
2026-02-23 02:01:09 - INFO - Workflow.workflow_graph - [TRACE_ID=e38ca30e-36e1-472a-a040-b93d6b01c787] ✅ Node completed: intent_classifier | Duration: 3.47s
2026-02-23 02:01:09 - INFO - Workflow.workflow_graph - [TRACE_ID=a1a0b2f5-d999-4465-b032-6df90f15e58e] ▶️ Entering node: send_email | State keys: ['user_input', 'intent', 'confidence', 'intent_meta', 'trace_id']
2026-02-23 02:01:09 - INFO - Agents.EmailAgent.email_service - Resend API initialized successfully
2026-02-23 02:01:09 - INFO - Agents.DataQueryAgent.load_data - Data loaded successfully from Datafiles/filtered_leads.csv. Shape: (83, 88)
2026-02-23 02:01:09 - INFO - Agents.EmailAgent.email_service - Generating email content via LLM with provided context and information.
2026-02-23 02:01:09 - INFO - Mixins.llm_client - Sending request to OpenRouter model=meta-llama/llama-3.3-70b-instruct
2026-02-23 02:01:11 - INFO - Mixins.llm_client - Received response from meta-llama/llama-3.3-70b-instruct in 2.10 seconds
2026-02-23 02:01:11 - INFO - Mixins.text_processor - ✅ JSON extracted successfully
2026-02-23 02:01:12 - INFO - Agents.EmailAgent.email_service - ✅ Email sent successfully to ['harshitkumar454@gmail.com']
2026-02-23 02:01:12 - INFO - Agents.EmailAgent.email_service - Generating email content via LLM with provided context and information.
2026-02-23 02:01:12 - INFO - Mixins.llm_client - Sending request to OpenRouter model=meta-llama/llama-3.3-70b-instruct
2026-02-23 02:01:26 - INFO - Mixins.llm_client - Received response from meta-llama/llama-3.3-70b-instruct in 10.95 seconds
2026-02-23 02:01:26 - INFO - Mixins.text_processor - ✅ JSON extracted successfully
2026-02-23 02:01:26 - INFO - Agents.EmailAgent.email_service - ✅ Email sent successfully to ['harshitkumar454@gmail.com']
2026-02-23 02:01:26 - INFO - Agents.EmailAgent.email_service - Generating email content via LLM with provided context and information.
2026-02-23 02:01:26 - INFO - Mixins.llm_client - Sending request to OpenRouter model=meta-llama/llama-3.3-70b-instruct
2026-02-23 02:01:29 - INFO - Mixins.llm_client - Received response from meta-llama/llama-3.3-70b-instruct in 2.44 seconds
2026-02-23 02:01:29 - INFO - Mixins.text_processor - ✅ JSON extracted successfully
2026-02-23 02:01:29 - INFO - Agents.EmailAgent.email_service - ✅ Email sent successfully to ['harshitkumar454@gmail.com']
2026-02-23 02:01:29 - INFO - Workflow.workflow_graph - [TRACE_ID=a1a0b2f5-d999-4465-b032-6df90f15e58e] ✅ Node completed: send_email | Duration: 16.34s
2026-02-23 02:01:29 - INFO - API.main - ✅ LangGraph pipeline completed successfully.
2026-02-23 02:02:22 - INFO - root - ✅ Logging initialized for FastAPI app.
2026-02-23 02:02:30 - INFO - root - ✅ Logging initialized for FastAPI app.
2026-02-23 02:02:49 - INFO - root - ✅ Logging initialized for FastAPI app.
2026-02-23 02:02:59 - INFO - root - ✅ Logging initialized for FastAPI app.
2026-02-23 02:03:01 - INFO - root - ✅ Logging initialized for FastAPI app.
2026-02-23 02:03:01 - INFO - API.main - 🧠 Running LangGraph pipeline for: 'send mail'
2026-02-23 02:03:01 - INFO - Workflow.workflow_graph - [TRACE_ID=31511520-c93b-42ad-b35c-04f61bed6a9c] ▶️ Entering node: intent_classifier | State keys: ['user_input', 'trace_id']
2026-02-23 02:03:01 - INFO - Utils.intent_classifier - 🧭 Classifying intent for: 'send mail'
2026-02-23 02:03:01 - INFO - Mixins.llm_client - Sending request to OpenRouter model=meta-llama/llama-3.3-70b-instruct
2026-02-23 02:03:14 - INFO - Mixins.llm_client - Received response from meta-llama/llama-3.3-70b-instruct in 8.78 seconds
2026-02-23 02:03:14 - INFO - Mixins.text_processor - ✅ JSON extracted successfully
2026-02-23 02:03:14 - INFO - Utils.intent_classifier - ✅ Intent classified in 8.78s | Intent: send_email
2026-02-23 02:03:14 - INFO - Workflow.workflow_graph - [TRACE_ID=31511520-c93b-42ad-b35c-04f61bed6a9c] ✅ Node completed: intent_classifier | Duration: 8.78s
2026-02-23 02:03:14 - INFO - Workflow.workflow_graph - [TRACE_ID=d19a2990-f186-47f7-8366-8515d219f633] ▶️ Entering node: send_email | State keys: ['user_input', 'intent', 'confidence', 'intent_meta', 'trace_id']
2026-02-23 02:03:14 - INFO - Agents.EmailAgent.email_service - Resend API initialized successfully
2026-02-23 02:03:14 - INFO - Agents.DataQueryAgent.load_data - Data loaded successfully from Datafiles/filtered_leads.csv. Shape: (83, 88)
2026-02-23 02:03:14 - INFO - Agents.EmailAgent.email_service - Generating email content via LLM with provided context and information.
2026-02-23 02:03:14 - INFO - Mixins.llm_client - Sending request to OpenRouter model=meta-llama/llama-3.3-70b-instruct
2026-02-23 02:03:15 - INFO - Mixins.llm_client - Received response from meta-llama/llama-3.3-70b-instruct in 1.61 seconds
2026-02-23 02:03:15 - INFO - Mixins.text_processor - ✅ JSON extracted successfully
2026-02-23 02:03:15 - INFO - Agents.EmailAgent.email_service - ✅ Email sent successfully to ['harshitkumar454@gmail.com']
2026-02-23 02:03:15 - INFO - Agents.EmailAgent.email_service - Generating email content via LLM with provided context and information.
2026-02-23 02:03:15 - INFO - Mixins.llm_client - Sending request to OpenRouter model=meta-llama/llama-3.3-70b-instruct
2026-02-23 02:03:20 - INFO - Mixins.llm_client - Received response from meta-llama/llama-3.3-70b-instruct in 4.50 seconds
2026-02-23 02:03:20 - INFO - Mixins.text_processor - ✅ JSON extracted successfully
2026-02-23 02:03:21 - INFO - Agents.EmailAgent.email_service - ✅ Email sent successfully to ['harshitkumar454@gmail.com']
2026-02-23 02:03:21 - INFO - Agents.EmailAgent.email_service - Generating email content via LLM with provided context and information.
2026-02-23 02:03:21 - INFO - Mixins.llm_client - Sending request to OpenRouter model=meta-llama/llama-3.3-70b-instruct
2026-02-23 02:03:21 - INFO - Mixins.llm_client - Received response from meta-llama/llama-3.3-70b-instruct in 0.69 seconds
2026-02-23 02:03:21 - INFO - Mixins.text_processor - ✅ JSON extracted successfully
2026-02-23 02:03:22 - INFO - Agents.EmailAgent.email_service - ✅ Email sent successfully to ['harshitkumar454@gmail.com']
2026-02-23 02:03:22 - INFO - Workflow.workflow_graph - [TRACE_ID=d19a2990-f186-47f7-8366-8515d219f633] ✅ Node completed: send_email | Duration: 7.99s
2026-02-23 02:03:22 - INFO - API.main - ✅ LangGraph pipeline completed successfully.
2026-02-23 02:04:37 - INFO - root - ✅ Logging initialized for FastAPI app.
2026-02-23 02:05:08 - INFO - root - ✅ Logging initialized for FastAPI app.
2026-02-23 02:05:12 - INFO - root - ✅ Logging initialized for FastAPI app.
2026-02-23 02:05:24 - INFO - root - ✅ Logging initialized for FastAPI app.
2026-02-23 02:05:25 - INFO - root - ✅ Logging initialized for FastAPI app.
2026-02-23 02:07:17 - INFO - root - ✅ Logging initialized for FastAPI app.
2026-02-23 02:08:16 - INFO - root - ✅ Logging initialized for FastAPI app.
2026-02-23 02:08:59 - INFO - root - ✅ Logging initialized for FastAPI app.
2026-02-23 02:09:17 - INFO - root - ✅ Logging initialized for FastAPI app.
2026-02-23 02:11:15 - INFO - API.main - 🧠 Running LangGraph pipeline for: 'top 3 rows'
2026-02-23 02:11:15 - INFO - Workflow.workflow_graph - [TRACE_ID=ee0dd898-48da-4712-986f-5345c8633eb0] ▶️ Entering node: intent_classifier | State keys: ['user_input', 'trace_id']
2026-02-23 02:11:15 - INFO - Utils.intent_classifier - 🧭 Classifying intent for: 'top 3 rows'
2026-02-23 02:11:15 - INFO - Mixins.llm_client - Sending request to OpenRouter model=meta-llama/llama-3.3-70b-instruct
2026-02-23 02:11:17 - INFO - Mixins.llm_client - Received response from meta-llama/llama-3.3-70b-instruct in 2.53 seconds
2026-02-23 02:11:17 - INFO - Mixins.text_processor - ✅ JSON extracted successfully
2026-02-23 02:11:17 - INFO - Utils.intent_classifier - ✅ Intent classified in 2.53s | Intent: query_data
2026-02-23 02:11:17 - INFO - Workflow.workflow_graph - [TRACE_ID=ee0dd898-48da-4712-986f-5345c8633eb0] ✅ Node completed: intent_classifier | Duration: 2.53s
2026-02-23 02:11:17 - INFO - Workflow.workflow_graph - [TRACE_ID=5d4fa93f-37c2-4c14-8a6b-c0490cc47429] ▶️ Entering node: data_query | State keys: ['user_input', 'intent', 'confidence', 'intent_meta', 'trace_id']
2026-02-23 02:11:17 - INFO - Agents.DataQueryAgent.query_agent - Loading data from CSV...
2026-02-23 02:11:17 - INFO - Agents.DataQueryAgent.load_data - Data loaded successfully from Datafiles/filtered_leads.csv. Shape: (83, 88)
2026-02-23 02:11:17 - INFO - Agents.DataQueryAgent.query_agent - Data loaded successfully. Shape: (83, 88)
2026-02-23 02:11:17 - INFO - Agents.DataQueryAgent.query_agent - Generating SQL query for user request: top 3 rows
2026-02-23 02:11:17 - INFO - Mixins.llm_client - Sending request to OpenRouter model=meta-llama/llama-3.3-70b-instruct
2026-02-23 02:11:18 - INFO - Mixins.llm_client - Received response from meta-llama/llama-3.3-70b-instruct in 0.78 seconds
2026-02-23 02:11:18 - INFO - Agents.DataQueryAgent.query_agent - Generated SQL: SELECT * FROM df LIMIT 3
2026-02-23 02:11:18 - INFO - Agents.DataQueryAgent.query_agent - Executing SQL query: SELECT * FROM df LIMIT 3
2026-02-23 02:11:18 - INFO - Agents.DataQueryAgent.load_data - Executing SQL query: SELECT * FROM df LIMIT 3
2026-02-23 02:11:18 - INFO - Agents.DataQueryAgent.load_data - SQL query executed successfully — 3 rows returned.
2026-02-23 02:11:18 - INFO - Agents.DataQueryAgent.query_agent - Query executed successfully.
2026-02-23 02:11:18 - INFO - Mixins.llm_client - Sending request to OpenRouter model=meta-llama/llama-3.3-70b-instruct
2026-02-23 02:11:22 - INFO - Mixins.llm_client - Received response from meta-llama/llama-3.3-70b-instruct in 4.43 seconds
2026-02-23 02:11:22 - INFO - Workflow.workflow_graph - [TRACE_ID=5d4fa93f-37c2-4c14-8a6b-c0490cc47429] ✅ Node completed: data_query | Duration: 5.29s
2026-02-23 02:11:22 - INFO - API.main - ✅ LangGraph pipeline completed successfully.
2026-02-23 02:15:12 - INFO - API.main - 🧠 Running LangGraph pipeline for: 'top 3 rows'
2026-02-23 02:15:12 - INFO - Workflow.workflow_graph - [TRACE_ID=ad989eb0-51a7-4ddc-a95f-7bb9fa99f9b0] ▶️ Entering node: intent_classifier | State keys: ['user_input', 'trace_id']
2026-02-23 02:15:12 - INFO - Utils.intent_classifier - 🧭 Classifying intent for: 'top 3 rows'
2026-02-23 02:15:12 - INFO - Mixins.llm_client - Sending request to OpenRouter model=meta-llama/llama-3.3-70b-instruct
2026-02-23 02:15:17 - INFO - Mixins.llm_client - Received response from meta-llama/llama-3.3-70b-instruct in 4.05 seconds
2026-02-23 02:15:17 - INFO - Mixins.text_processor - ✅ JSON extracted successfully
2026-02-23 02:15:17 - INFO - Utils.intent_classifier - ✅ Intent classified in 4.05s | Intent: query_data
2026-02-23 02:15:17 - INFO - Workflow.workflow_graph - [TRACE_ID=ad989eb0-51a7-4ddc-a95f-7bb9fa99f9b0] ✅ Node completed: intent_classifier | Duration: 4.05s
2026-02-23 02:15:17 - INFO - Workflow.workflow_graph - [TRACE_ID=7d909d91-4b2b-4841-b42d-efe678879236] ▶️ Entering node: data_query | State keys: ['user_input', 'intent', 'confidence', 'intent_meta', 'trace_id']
2026-02-23 02:15:17 - INFO - Agents.DataQueryAgent.query_agent - Loading data from CSV...
2026-02-23 02:15:17 - INFO - Agents.DataQueryAgent.load_data - Data loaded successfully from Datafiles/filtered_leads.csv. Shape: (83, 88)
2026-02-23 02:15:17 - INFO - Agents.DataQueryAgent.query_agent - Data loaded successfully. Shape: (83, 88)
2026-02-23 02:15:17 - INFO - Agents.DataQueryAgent.query_agent - Generating SQL query for user request: top 3 rows
2026-02-23 02:15:17 - INFO - Mixins.llm_client - Sending request to OpenRouter model=meta-llama/llama-3.3-70b-instruct
2026-02-23 02:15:17 - INFO - Mixins.llm_client - Received response from meta-llama/llama-3.3-70b-instruct in 0.81 seconds
2026-02-23 02:15:17 - INFO - Agents.DataQueryAgent.query_agent - Generated SQL: SELECT * FROM df LIMIT 3
2026-02-23 02:15:17 - INFO - Agents.DataQueryAgent.query_agent - Executing SQL query: SELECT * FROM df LIMIT 3
2026-02-23 02:15:17 - INFO - Agents.DataQueryAgent.load_data - Executing SQL query: SELECT * FROM df LIMIT 3
2026-02-23 02:15:17 - INFO - Agents.DataQueryAgent.load_data - SQL query executed successfully — 3 rows returned.
2026-02-23 02:15:17 - INFO - Agents.DataQueryAgent.query_agent - Query executed successfully.
2026-02-23 02:15:17 - INFO - Mixins.llm_client - Sending request to OpenRouter model=meta-llama/llama-3.3-70b-instruct
2026-02-23 02:15:19 - INFO - Mixins.llm_client - Received response from meta-llama/llama-3.3-70b-instruct in 1.78 seconds
2026-02-23 02:15:19 - INFO - Workflow.workflow_graph - [TRACE_ID=7d909d91-4b2b-4841-b42d-efe678879236] ✅ Node completed: data_query | Duration: 2.64s
2026-02-23 02:15:19 - INFO - API.main - ✅ LangGraph pipeline completed successfully.
2026-02-23 02:15:37 - INFO - API.main - 🧠 Running LangGraph pipeline for: 'top 3 rows from Mumbai'
2026-02-23 02:15:37 - INFO - Workflow.workflow_graph - [TRACE_ID=eb19867f-0422-432f-a6f4-d3f2a1d805d3] ▶️ Entering node: intent_classifier | State keys: ['user_input', 'trace_id']
2026-02-23 02:15:37 - INFO - Utils.intent_classifier - 🧭 Classifying intent for: 'top 3 rows from Mumbai'
2026-02-23 02:15:37 - INFO - Mixins.llm_client - Sending request to OpenRouter model=meta-llama/llama-3.3-70b-instruct
2026-02-23 02:15:39 - INFO - Mixins.llm_client - Received response from meta-llama/llama-3.3-70b-instruct in 1.70 seconds
2026-02-23 02:15:39 - ERROR - Utils.intent_classifier - Error in intent classification: No JSON object found in response
2026-02-23 02:15:40 - INFO - Workflow.workflow_graph - [TRACE_ID=eb19867f-0422-432f-a6f4-d3f2a1d805d3] ✅ Node completed: intent_classifier | Duration: 2.39s
2026-02-23 02:15:40 - INFO - API.main - ✅ LangGraph pipeline completed successfully.
2026-02-23 02:16:09 - INFO - API.main - 🧠 Running LangGraph pipeline for: 'top 3 leads from Mumbai'
2026-02-23 02:16:09 - INFO - Workflow.workflow_graph - [TRACE_ID=513570e6-491c-4a6f-bba9-9c2b6a92f8e5] ▶️ Entering node: intent_classifier | State keys: ['user_input', 'trace_id']
2026-02-23 02:16:09 - INFO - Utils.intent_classifier - 🧭 Classifying intent for: 'top 3 leads from Mumbai'
2026-02-23 02:16:09 - INFO - Mixins.llm_client - Sending request to OpenRouter model=meta-llama/llama-3.3-70b-instruct
2026-02-23 02:16:12 - INFO - Mixins.llm_client - Received response from meta-llama/llama-3.3-70b-instruct in 3.25 seconds
2026-02-23 02:16:12 - INFO - Mixins.text_processor - ✅ JSON extracted successfully
2026-02-23 02:16:12 - INFO - Utils.intent_classifier - ✅ Intent classified in 3.25s | Intent: query_data
2026-02-23 02:16:12 - INFO - Workflow.workflow_graph - [TRACE_ID=513570e6-491c-4a6f-bba9-9c2b6a92f8e5] ✅ Node completed: intent_classifier | Duration: 3.25s
2026-02-23 02:16:12 - INFO - Workflow.workflow_graph - [TRACE_ID=f1b5e315-f30a-4da9-8b81-69fab9539c30] ▶️ Entering node: data_query | State keys: ['user_input', 'intent', 'confidence', 'intent_meta', 'trace_id']
2026-02-23 02:16:12 - INFO - Agents.DataQueryAgent.query_agent - Loading data from CSV...
2026-02-23 02:16:12 - INFO - Agents.DataQueryAgent.load_data - Data loaded successfully from Datafiles/filtered_leads.csv. Shape: (83, 88)
2026-02-23 02:16:12 - INFO - Agents.DataQueryAgent.query_agent - Data loaded successfully. Shape: (83, 88)
2026-02-23 02:16:12 - INFO - Agents.DataQueryAgent.query_agent - Generating SQL query for user request: top 3 leads from Mumbai
2026-02-23 02:16:12 - INFO - Mixins.llm_client - Sending request to OpenRouter model=meta-llama/llama-3.3-70b-instruct
2026-02-23 02:16:13 - INFO - Mixins.llm_client - Received response from meta-llama/llama-3.3-70b-instruct in 1.08 seconds
2026-02-23 02:16:13 - INFO - Agents.DataQueryAgent.query_agent - Generated SQL: SELECT * FROM df WHERE "City" = 'Mumbai' LIMIT 3
2026-02-23 02:16:13 - INFO - Agents.DataQueryAgent.query_agent - Executing SQL query: SELECT * FROM df WHERE "City" = 'Mumbai' LIMIT 3
2026-02-23 02:16:13 - INFO - Agents.DataQueryAgent.load_data - Executing SQL query: SELECT * FROM df WHERE "City" = 'Mumbai' LIMIT 3
2026-02-23 02:16:13 - INFO - Agents.DataQueryAgent.load_data - SQL query executed successfully — 3 rows returned.
2026-02-23 02:16:13 - INFO - Agents.DataQueryAgent.query_agent - Query executed successfully.
2026-02-23 02:16:13 - INFO - Mixins.llm_client - Sending request to OpenRouter model=meta-llama/llama-3.3-70b-instruct
2026-02-23 02:16:22 - INFO - Mixins.llm_client - Received response from meta-llama/llama-3.3-70b-instruct in 5.06 seconds
2026-02-23 02:16:22 - INFO - Workflow.workflow_graph - [TRACE_ID=f1b5e315-f30a-4da9-8b81-69fab9539c30] ✅ Node completed: data_query | Duration: 6.19s
2026-02-23 02:16:22 - INFO - API.main - ✅ LangGraph pipeline completed successfully.
2026-02-23 02:16:45 - INFO - API.main - 🧠 Running LangGraph pipeline for: 'top 3 leads from Mumbai'
2026-02-23 02:16:45 - INFO - Workflow.workflow_graph - [TRACE_ID=4ed47cad-65d3-47bc-b0dd-498b80587deb] ▶️ Entering node: intent_classifier | State keys: ['user_input', 'trace_id']
2026-02-23 02:16:45 - INFO - Utils.intent_classifier - 🧭 Classifying intent for: 'top 3 leads from Mumbai'
2026-02-23 02:16:45 - INFO - Mixins.llm_client - Sending request to OpenRouter model=meta-llama/llama-3.3-70b-instruct
2026-02-23 02:16:47 - INFO - Mixins.llm_client - Received response from meta-llama/llama-3.3-70b-instruct in 1.64 seconds
2026-02-23 02:16:47 - INFO - Mixins.text_processor - ✅ JSON extracted successfully
2026-02-23 02:16:47 - INFO - Utils.intent_classifier - ✅ Intent classified in 1.65s | Intent: query_data
2026-02-23 02:16:47 - INFO - Workflow.workflow_graph - [TRACE_ID=4ed47cad-65d3-47bc-b0dd-498b80587deb] ✅ Node completed: intent_classifier | Duration: 1.65s
2026-02-23 02:16:47 - INFO - Workflow.workflow_graph - [TRACE_ID=428b1bfe-2c3e-4965-802a-88b7f8ce3b7e] ▶️ Entering node: data_query | State keys: ['user_input', 'intent', 'confidence', 'intent_meta', 'trace_id']
2026-02-23 02:16:47 - INFO - Agents.DataQueryAgent.query_agent - Loading data from CSV...
2026-02-23 02:16:47 - INFO - Agents.DataQueryAgent.load_data - Data loaded successfully from Datafiles/filtered_leads.csv. Shape: (83, 88)
2026-02-23 02:16:47 - INFO - Agents.DataQueryAgent.query_agent - Data loaded successfully. Shape: (83, 88)
2026-02-23 02:16:47 - INFO - Agents.DataQueryAgent.query_agent - Generating SQL query for user request: top 3 leads from Mumbai
2026-02-23 02:16:47 - INFO - Mixins.llm_client - Sending request to OpenRouter model=meta-llama/llama-3.3-70b-instruct
2026-02-23 02:16:52 - INFO - Mixins.llm_client - Received response from meta-llama/llama-3.3-70b-instruct in 5.47 seconds
2026-02-23 02:16:52 - INFO - Agents.DataQueryAgent.query_agent - Generated SQL: SELECT * FROM df WHERE "City" = 'Mumbai' ORDER BY "Lead Quality" DESC LIMIT 3
2026-02-23 02:16:52 - INFO - Agents.DataQueryAgent.query_agent - Executing SQL query: SELECT * FROM df WHERE "City" = 'Mumbai' ORDER BY "Lead Quality" DESC LIMIT 3
2026-02-23 02:16:52 - INFO - Agents.DataQueryAgent.load_data - Executing SQL query: SELECT * FROM df WHERE "City" = 'Mumbai' ORDER BY "Lead Quality" DESC LIMIT 3
2026-02-23 02:16:52 - INFO - Agents.DataQueryAgent.load_data - SQL query executed successfully — 3 rows returned.
2026-02-23 02:16:52 - INFO - Agents.DataQueryAgent.query_agent - Query executed successfully.
2026-02-23 02:16:52 - INFO - Mixins.llm_client - Sending request to OpenRouter model=meta-llama/llama-3.3-70b-instruct
2026-02-23 02:16:59 - INFO - Mixins.llm_client - Received response from meta-llama/llama-3.3-70b-instruct in 3.29 seconds
2026-02-23 02:16:59 - INFO - Workflow.workflow_graph - [TRACE_ID=428b1bfe-2c3e-4965-802a-88b7f8ce3b7e] ✅ Node completed: data_query | Duration: 8.82s
2026-02-23 02:16:59 - INFO - API.main - ✅ LangGraph pipeline completed successfully.
2026-02-23 02:17:40 - INFO - API.main - 🧠 Running LangGraph pipeline for: 'top 3 leads from Mumbai'
2026-02-23 02:17:40 - INFO - Workflow.workflow_graph - [TRACE_ID=75202e3a-f01f-4894-9a8d-300ab8abab76] ▶️ Entering node: intent_classifier | State keys: ['user_input', 'trace_id']
2026-02-23 02:17:40 - INFO - Utils.intent_classifier - 🧭 Classifying intent for: 'top 3 leads from Mumbai'
2026-02-23 02:17:40 - INFO - Mixins.llm_client - Sending request to OpenRouter model=meta-llama/llama-3.3-70b-instruct
2026-02-23 02:17:41 - INFO - Mixins.llm_client - Received response from meta-llama/llama-3.3-70b-instruct in 1.13 seconds
2026-02-23 02:17:41 - INFO - Mixins.text_processor - ✅ JSON extracted successfully
2026-02-23 02:17:41 - INFO - Utils.intent_classifier - ✅ Intent classified in 1.13s | Intent: query_data
2026-02-23 02:17:41 - INFO - Workflow.workflow_graph - [TRACE_ID=75202e3a-f01f-4894-9a8d-300ab8abab76] ✅ Node completed: intent_classifier | Duration: 1.13s
2026-02-23 02:17:41 - INFO - Workflow.workflow_graph - [TRACE_ID=b7bdcc45-fd00-4160-961f-6494a23142c4] ▶️ Entering node: data_query | State keys: ['user_input', 'intent', 'confidence', 'intent_meta', 'trace_id']
2026-02-23 02:17:41 - INFO - Agents.DataQueryAgent.query_agent - Loading data from CSV...
2026-02-23 02:17:41 - INFO - Agents.DataQueryAgent.load_data - Data loaded successfully from Datafiles/filtered_leads.csv. Shape: (83, 88)
2026-02-23 02:17:41 - INFO - Agents.DataQueryAgent.query_agent - Data loaded successfully. Shape: (83, 88)
2026-02-23 02:17:41 - INFO - Agents.DataQueryAgent.query_agent - Generating SQL query for user request: top 3 leads from Mumbai
2026-02-23 02:17:41 - INFO - Mixins.llm_client - Sending request to OpenRouter model=meta-llama/llama-3.3-70b-instruct
2026-02-23 02:17:43 - INFO - Mixins.llm_client - Received response from meta-llama/llama-3.3-70b-instruct in 1.79 seconds
2026-02-23 02:17:43 - INFO - Agents.DataQueryAgent.query_agent - Generated SQL: SELECT * FROM df WHERE "City" = 'Mumbai' ORDER BY "Lead Quality" DESC LIMIT 3
2026-02-23 02:17:43 - INFO - Agents.DataQueryAgent.query_agent - Executing SQL query: SELECT * FROM df WHERE "City" = 'Mumbai' ORDER BY "Lead Quality" DESC LIMIT 3
2026-02-23 02:17:43 - INFO - Agents.DataQueryAgent.load_data - Executing SQL query: SELECT * FROM df WHERE "City" = 'Mumbai' ORDER BY "Lead Quality" DESC LIMIT 3
2026-02-23 02:17:43 - INFO - Agents.DataQueryAgent.load_data - SQL query executed successfully — 3 rows returned.
2026-02-23 02:17:43 - INFO - Agents.DataQueryAgent.query_agent - Query executed successfully.
2026-02-23 02:17:43 - INFO - Mixins.llm_client - Sending request to OpenRouter model=meta-llama/llama-3.3-70b-instruct
2026-02-23 02:17:49 - INFO - Mixins.llm_client - Received response from meta-llama/llama-3.3-70b-instruct in 5.95 seconds
2026-02-23 02:17:49 - INFO - Workflow.workflow_graph - [TRACE_ID=b7bdcc45-fd00-4160-961f-6494a23142c4] ✅ Node completed: data_query | Duration: 7.80s
2026-02-23 02:17:49 - INFO - API.main - ✅ LangGraph pipeline completed successfully.
2026-02-23 02:17:59 - INFO - API.main - 🧠 Running LangGraph pipeline for: 'top 3 leads from Mumbai'
2026-02-23 02:17:59 - INFO - Workflow.workflow_graph - [TRACE_ID=301b2063-c10b-4414-8ac6-a3e23135610a] ▶️ Entering node: intent_classifier | State keys: ['user_input', 'trace_id']
2026-02-23 02:17:59 - INFO - Utils.intent_classifier - 🧭 Classifying intent for: 'top 3 leads from Mumbai'
2026-02-23 02:17:59 - INFO - Mixins.llm_client - Sending request to OpenRouter model=meta-llama/llama-3.3-70b-instruct
2026-02-23 02:18:03 - INFO - Mixins.llm_client - Received response from meta-llama/llama-3.3-70b-instruct in 3.34 seconds
2026-02-23 02:18:03 - INFO - Mixins.text_processor - ✅ JSON extracted successfully
2026-02-23 02:18:03 - INFO - Utils.intent_classifier - ✅ Intent classified in 3.34s | Intent: query_data
2026-02-23 02:18:03 - INFO - Workflow.workflow_graph - [TRACE_ID=301b2063-c10b-4414-8ac6-a3e23135610a] ✅ Node completed: intent_classifier | Duration: 3.34s
2026-02-23 02:18:03 - INFO - Workflow.workflow_graph - [TRACE_ID=cfddd703-5694-410a-9730-e8c16eb3c6e7] ▶️ Entering node: data_query | State keys: ['user_input', 'intent', 'confidence', 'intent_meta', 'trace_id']
2026-02-23 02:18:03 - INFO - Agents.DataQueryAgent.query_agent - Loading data from CSV...
2026-02-23 02:18:03 - INFO - Agents.DataQueryAgent.load_data - Data loaded successfully from Datafiles/filtered_leads.csv. Shape: (83, 88)
2026-02-23 02:18:03 - INFO - Agents.DataQueryAgent.query_agent - Data loaded successfully. Shape: (83, 88)
2026-02-23 02:18:03 - INFO - Agents.DataQueryAgent.query_agent - Generating SQL query for user request: top 3 leads from Mumbai
2026-02-23 02:18:03 - INFO - Mixins.llm_client - Sending request to OpenRouter model=meta-llama/llama-3.3-70b-instruct
2026-02-23 02:18:12 - INFO - Mixins.llm_client - Received response from meta-llama/llama-3.3-70b-instruct in 5.45 seconds
2026-02-23 02:18:12 - INFO - Agents.DataQueryAgent.query_agent - Generated SQL: SELECT * FROM df WHERE "City" = 'Mumbai' ORDER BY "Lead Quality" DESC LIMIT 3
2026-02-23 02:18:12 - INFO - Agents.DataQueryAgent.query_agent - Executing SQL query: SELECT * FROM df WHERE "City" = 'Mumbai' ORDER BY "Lead Quality" DESC LIMIT 3
2026-02-23 02:18:12 - INFO - Agents.DataQueryAgent.load_data - Executing SQL query: SELECT * FROM df WHERE "City" = 'Mumbai' ORDER BY "Lead Quality" DESC LIMIT 3
2026-02-23 02:18:12 - INFO - Agents.DataQueryAgent.load_data - SQL query executed successfully — 3 rows returned.
2026-02-23 02:18:12 - INFO - Agents.DataQueryAgent.query_agent - Query executed successfully.
2026-02-23 02:18:12 - INFO - Mixins.llm_client - Sending request to OpenRouter model=meta-llama/llama-3.3-70b-instruct
2026-02-23 02:18:18 - INFO - Mixins.llm_client - Received response from meta-llama/llama-3.3-70b-instruct in 6.00 seconds
2026-02-23 02:18:18 - INFO - Workflow.workflow_graph - [TRACE_ID=cfddd703-5694-410a-9730-e8c16eb3c6e7] ✅ Node completed: data_query | Duration: 11.49s
2026-02-23 02:18:18 - INFO - API.main - ✅ LangGraph pipeline completed successfully.
2026-02-23 02:18:40 - INFO - API.main - 🧠 Running LangGraph pipeline for: 'top 3 leads from Mumbai'
2026-02-23 02:18:40 - INFO - Workflow.workflow_graph - [TRACE_ID=7bd7581b-573d-422f-89f4-6956b7235313] ▶️ Entering node: intent_classifier | State keys: ['user_input', 'trace_id']
2026-02-23 02:18:40 - INFO - Utils.intent_classifier - 🧭 Classifying intent for: 'top 3 leads from Mumbai'
2026-02-23 02:18:40 - INFO - Mixins.llm_client - Sending request to OpenRouter model=meta-llama/llama-3.3-70b-instruct
2026-02-23 02:18:47 - INFO - Mixins.llm_client - Received response from meta-llama/llama-3.3-70b-instruct in 3.83 seconds
2026-02-23 02:18:47 - INFO - Mixins.text_processor - ✅ JSON extracted successfully
2026-02-23 02:18:47 - INFO - Utils.intent_classifier - ✅ Intent classified in 3.83s | Intent: query_data
2026-02-23 02:18:47 - INFO - Workflow.workflow_graph - [TRACE_ID=7bd7581b-573d-422f-89f4-6956b7235313] ✅ Node completed: intent_classifier | Duration: 3.83s
2026-02-23 02:18:47 - INFO - Workflow.workflow_graph - [TRACE_ID=0a899d9a-1a0b-46b2-96a8-a8be19237e7e] ▶️ Entering node: data_query | State keys: ['user_input', 'intent', 'confidence', 'intent_meta', 'trace_id']
2026-02-23 02:18:47 - INFO - Agents.DataQueryAgent.query_agent - Loading data from CSV...
2026-02-23 02:18:47 - INFO - Agents.DataQueryAgent.load_data - Data loaded successfully from Datafiles/filtered_leads.csv. Shape: (83, 88)
2026-02-23 02:18:47 - INFO - Agents.DataQueryAgent.query_agent - Data loaded successfully. Shape: (83, 88)
2026-02-23 02:18:47 - INFO - Agents.DataQueryAgent.query_agent - Generating SQL query for user request: top 3 leads from Mumbai
2026-02-23 02:18:47 - INFO - Mixins.llm_client - Sending request to OpenRouter model=meta-llama/llama-3.3-70b-instruct
2026-02-23 02:18:48 - INFO - Mixins.llm_client - Received response from meta-llama/llama-3.3-70b-instruct in 1.33 seconds
2026-02-23 02:18:48 - INFO - Agents.DataQueryAgent.query_agent - Generated SQL: SELECT * FROM df WHERE "City" = 'Mumbai' ORDER BY "Lead Quality" DESC LIMIT 3
2026-02-23 02:18:48 - INFO - Agents.DataQueryAgent.query_agent - Executing SQL query: SELECT * FROM df WHERE "City" = 'Mumbai' ORDER BY "Lead Quality" DESC LIMIT 3
2026-02-23 02:18:48 - INFO - Agents.DataQueryAgent.load_data - Executing SQL query: SELECT * FROM df WHERE "City" = 'Mumbai' ORDER BY "Lead Quality" DESC LIMIT 3
2026-02-23 02:18:48 - INFO - Agents.DataQueryAgent.load_data - SQL query executed successfully — 3 rows returned.
2026-02-23 02:18:48 - INFO - Agents.DataQueryAgent.query_agent - Query executed successfully.
2026-02-23 02:18:48 - INFO - Mixins.llm_client - Sending request to OpenRouter model=meta-llama/llama-3.3-70b-instruct
2026-02-23 02:18:53 - INFO - Mixins.llm_client - Received response from meta-llama/llama-3.3-70b-instruct in 4.75 seconds
2026-02-23 02:18:53 - INFO - Workflow.workflow_graph - [TRACE_ID=0a899d9a-1a0b-46b2-96a8-a8be19237e7e] ✅ Node completed: data_query | Duration: 6.12s
2026-02-23 02:18:53 - INFO - API.main - ✅ LangGraph pipeline completed successfully.
2026-02-23 02:20:08 - INFO - API.main - 🧠 Running LangGraph pipeline for: 'top 3 leads from Mumbai'
2026-02-23 02:20:08 - INFO - Workflow.workflow_graph - [TRACE_ID=629820db-f570-4542-8521-0bd980e090ee] ▶️ Entering node: intent_classifier | State keys: ['user_input', 'trace_id']
2026-02-23 02:20:08 - INFO - Utils.intent_classifier - 🧭 Classifying intent for: 'top 3 leads from Mumbai'
2026-02-23 02:20:08 - INFO - Mixins.llm_client - Sending request to OpenRouter model=meta-llama/llama-3.3-70b-instruct
2026-02-23 02:20:10 - INFO - Mixins.llm_client - Received response from meta-llama/llama-3.3-70b-instruct in 1.48 seconds
2026-02-23 02:20:10 - INFO - Mixins.text_processor - ✅ JSON extracted successfully
2026-02-23 02:20:10 - INFO - Utils.intent_classifier - ✅ Intent classified in 1.48s | Intent: query_data
2026-02-23 02:20:10 - INFO - Workflow.workflow_graph - [TRACE_ID=629820db-f570-4542-8521-0bd980e090ee] ✅ Node completed: intent_classifier | Duration: 1.48s
2026-02-23 02:20:10 - INFO - Workflow.workflow_graph - [TRACE_ID=468a181c-9059-4024-8241-741e366305c1] ▶️ Entering node: data_query | State keys: ['user_input', 'intent', 'confidence', 'intent_meta', 'trace_id']
2026-02-23 02:20:10 - INFO - Agents.DataQueryAgent.query_agent - Loading data from CSV...
2026-02-23 02:20:10 - INFO - Agents.DataQueryAgent.load_data - Data loaded successfully from Datafiles/filtered_leads.csv. Shape: (83, 88)
2026-02-23 02:20:10 - INFO - Agents.DataQueryAgent.query_agent - Data loaded successfully. Shape: (83, 88)
2026-02-23 02:20:10 - INFO - Agents.DataQueryAgent.query_agent - Generating SQL query for user request: top 3 leads from Mumbai
2026-02-23 02:20:10 - INFO - Mixins.llm_client - Sending request to OpenRouter model=meta-llama/llama-3.3-70b-instruct
2026-02-23 02:20:12 - INFO - Mixins.llm_client - Received response from meta-llama/llama-3.3-70b-instruct in 1.88 seconds
2026-02-23 02:20:12 - INFO - Agents.DataQueryAgent.query_agent - Generated SQL: SELECT * FROM df WHERE "City" = 'Mumbai' ORDER BY "Lead Quality" DESC LIMIT 3
2026-02-23 02:20:12 - INFO - Agents.DataQueryAgent.query_agent - Executing SQL query: SELECT * FROM df WHERE "City" = 'Mumbai' ORDER BY "Lead Quality" DESC LIMIT 3
2026-02-23 02:20:12 - INFO - Agents.DataQueryAgent.load_data - Executing SQL query: SELECT * FROM df WHERE "City" = 'Mumbai' ORDER BY "Lead Quality" DESC LIMIT 3
2026-02-23 02:20:12 - INFO - Agents.DataQueryAgent.load_data - SQL query executed successfully — 3 rows returned.
2026-02-23 02:20:12 - INFO - Agents.DataQueryAgent.query_agent - Query executed successfully.
2026-02-23 02:20:12 - INFO - Mixins.llm_client - Sending request to OpenRouter model=meta-llama/llama-3.3-70b-instruct
2026-02-23 02:20:16 - INFO - Mixins.llm_client - Received response from meta-llama/llama-3.3-70b-instruct in 4.40 seconds
2026-02-23 02:20:16 - INFO - Workflow.workflow_graph - [TRACE_ID=468a181c-9059-4024-8241-741e366305c1] ✅ Node completed: data_query | Duration: 6.32s
2026-02-23 02:20:16 - INFO - API.main - ✅ LangGraph pipeline completed successfully.
2026-02-23 02:20:42 - INFO - API.main - 🧠 Running LangGraph pipeline for: 'top 3 leads from Mumbai'
2026-02-23 02:20:42 - INFO - Workflow.workflow_graph - [TRACE_ID=12269813-b71a-420b-9556-5191f2830804] ▶️ Entering node: intent_classifier | State keys: ['user_input', 'trace_id']
2026-02-23 02:20:42 - INFO - Utils.intent_classifier - 🧭 Classifying intent for: 'top 3 leads from Mumbai'
2026-02-23 02:20:42 - INFO - Mixins.llm_client - Sending request to OpenRouter model=meta-llama/llama-3.3-70b-instruct
2026-02-23 02:20:45 - INFO - Mixins.llm_client - Received response from meta-llama/llama-3.3-70b-instruct in 3.30 seconds
2026-02-23 02:20:45 - INFO - Mixins.text_processor - ✅ JSON extracted successfully
2026-02-23 02:20:45 - INFO - Utils.intent_classifier - ✅ Intent classified in 3.30s | Intent: query_data
2026-02-23 02:20:45 - INFO - Workflow.workflow_graph - [TRACE_ID=12269813-b71a-420b-9556-5191f2830804] ✅ Node completed: intent_classifier | Duration: 3.30s
2026-02-23 02:20:45 - INFO - Workflow.workflow_graph - [TRACE_ID=09f00fc5-98c8-42f1-8e11-4fe8c1c3bb27] ▶️ Entering node: data_query | State keys: ['user_input', 'intent', 'confidence', 'intent_meta', 'trace_id']
2026-02-23 02:20:45 - INFO - Agents.DataQueryAgent.query_agent - Loading data from CSV...
2026-02-23 02:20:45 - INFO - Agents.DataQueryAgent.load_data - Data loaded successfully from Datafiles/filtered_leads.csv. Shape: (83, 88)
2026-02-23 02:20:45 - INFO - Agents.DataQueryAgent.query_agent - Data loaded successfully. Shape: (83, 88)
2026-02-23 02:20:45 - INFO - Agents.DataQueryAgent.query_agent - Generating SQL query for user request: top 3 leads from Mumbai
2026-02-23 02:20:45 - INFO - Mixins.llm_client - Sending request to OpenRouter model=meta-llama/llama-3.3-70b-instruct
2026-02-23 02:20:47 - INFO - Mixins.llm_client - Received response from meta-llama/llama-3.3-70b-instruct in 1.36 seconds
2026-02-23 02:20:47 - INFO - Agents.DataQueryAgent.query_agent - Generated SQL: SELECT * FROM df WHERE "City" = 'Mumbai' ORDER BY "Lead Quality" DESC LIMIT 3
2026-02-23 02:20:47 - INFO - Agents.DataQueryAgent.query_agent - Executing SQL query: SELECT * FROM df WHERE "City" = 'Mumbai' ORDER BY "Lead Quality" DESC LIMIT 3
2026-02-23 02:20:47 - INFO - Agents.DataQueryAgent.load_data - Executing SQL query: SELECT * FROM df WHERE "City" = 'Mumbai' ORDER BY "Lead Quality" DESC LIMIT 3
2026-02-23 02:20:47 - INFO - Agents.DataQueryAgent.load_data - SQL query executed successfully — 3 rows returned.
2026-02-23 02:20:47 - INFO - Agents.DataQueryAgent.query_agent - Query executed successfully.
2026-02-23 02:20:47 - INFO - Mixins.llm_client - Sending request to OpenRouter model=meta-llama/llama-3.3-70b-instruct
2026-02-23 02:20:49 - INFO - Mixins.llm_client - Received response from meta-llama/llama-3.3-70b-instruct in 2.10 seconds
2026-02-23 02:20:49 - INFO - Workflow.workflow_graph - [TRACE_ID=09f00fc5-98c8-42f1-8e11-4fe8c1c3bb27] ✅ Node completed: data_query | Duration: 3.50s
2026-02-23 02:20:49 - INFO - API.main - ✅ LangGraph pipeline completed successfully.
2026-02-23 02:21:28 - INFO - API.main - 🧠 Running LangGraph pipeline for: 'top 3 leads from Mumbai'
2026-02-23 02:21:28 - INFO - Workflow.workflow_graph - [TRACE_ID=c3d2a945-8047-4942-bef0-ce12c705af78] ▶️ Entering node: intent_classifier | State keys: ['user_input', 'trace_id']
2026-02-23 02:21:28 - INFO - Utils.intent_classifier - 🧭 Classifying intent for: 'top 3 leads from Mumbai'
2026-02-23 02:21:28 - INFO - Mixins.llm_client - Sending request to OpenRouter model=meta-llama/llama-3.3-70b-instruct
2026-02-23 02:21:29 - INFO - Mixins.llm_client - Received response from meta-llama/llama-3.3-70b-instruct in 1.30 seconds
2026-02-23 02:21:29 - INFO - Mixins.text_processor - ✅ JSON extracted successfully
2026-02-23 02:21:29 - INFO - Utils.intent_classifier - ✅ Intent classified in 1.30s | Intent: query_data
2026-02-23 02:21:29 - INFO - Workflow.workflow_graph - [TRACE_ID=c3d2a945-8047-4942-bef0-ce12c705af78] ✅ Node completed: intent_classifier | Duration: 1.30s
2026-02-23 02:21:29 - INFO - Workflow.workflow_graph - [TRACE_ID=7cf520bd-8696-4fdc-b398-d7fc4fd3f895] ▶️ Entering node: data_query | State keys: ['user_input', 'intent', 'confidence', 'intent_meta', 'trace_id']
2026-02-23 02:21:29 - INFO - Agents.DataQueryAgent.query_agent - Loading data from CSV...
2026-02-23 02:21:29 - INFO - Agents.DataQueryAgent.load_data - Data loaded successfully from Datafiles/filtered_leads.csv. Shape: (83, 88)
2026-02-23 02:21:29 - INFO - Agents.DataQueryAgent.query_agent - Data loaded successfully. Shape: (83, 88)
2026-02-23 02:21:29 - INFO - Agents.DataQueryAgent.query_agent - Generating SQL query for user request: top 3 leads from Mumbai
2026-02-23 02:21:29 - INFO - Mixins.llm_client - Sending request to OpenRouter model=meta-llama/llama-3.3-70b-instruct
2026-02-23 02:21:32 - INFO - Mixins.llm_client - Received response from meta-llama/llama-3.3-70b-instruct in 2.45 seconds
2026-02-23 02:21:32 - INFO - Agents.DataQueryAgent.query_agent - Generated SQL: SELECT * FROM df WHERE "City" = 'Mumbai' ORDER BY "Lead Quality" DESC LIMIT 3
2026-02-23 02:21:32 - INFO - Agents.DataQueryAgent.query_agent - Executing SQL query: SELECT * FROM df WHERE "City" = 'Mumbai' ORDER BY "Lead Quality" DESC LIMIT 3
2026-02-23 02:21:32 - INFO - Agents.DataQueryAgent.load_data - Executing SQL query: SELECT * FROM df WHERE "City" = 'Mumbai' ORDER BY "Lead Quality" DESC LIMIT 3
2026-02-23 02:21:32 - INFO - Agents.DataQueryAgent.load_data - SQL query executed successfully — 3 rows returned.
2026-02-23 02:21:32 - INFO - Agents.DataQueryAgent.query_agent - Query executed successfully.
2026-02-23 02:21:32 - INFO - Mixins.llm_client - Sending request to OpenRouter model=meta-llama/llama-3.3-70b-instruct
2026-02-23 02:21:36 - INFO - Mixins.llm_client - Received response from meta-llama/llama-3.3-70b-instruct in 4.26 seconds
2026-02-23 02:21:36 - INFO - Workflow.workflow_graph - [TRACE_ID=7cf520bd-8696-4fdc-b398-d7fc4fd3f895] ✅ Node completed: data_query | Duration: 6.75s
2026-02-23 02:21:36 - INFO - API.main - ✅ LangGraph pipeline completed successfully.
2026-02-23 02:22:20 - INFO - API.main - 🧠 Running LangGraph pipeline for: 'top 3 leads from Mumbai'
2026-02-23 02:22:20 - INFO - Workflow.workflow_graph - [TRACE_ID=177f0430-3c52-40cb-a389-8450c6a1eaa0] ▶️ Entering node: intent_classifier | State keys: ['user_input', 'trace_id']
2026-02-23 02:22:20 - INFO - Utils.intent_classifier - 🧭 Classifying intent for: 'top 3 leads from Mumbai'
2026-02-23 02:22:20 - INFO - Mixins.llm_client - Sending request to OpenRouter model=meta-llama/llama-3.3-70b-instruct
2026-02-23 02:22:24 - INFO - Mixins.llm_client - Received response from meta-llama/llama-3.3-70b-instruct in 3.56 seconds
2026-02-23 02:22:24 - INFO - Mixins.text_processor - ✅ JSON extracted successfully
2026-02-23 02:22:24 - INFO - Utils.intent_classifier - ✅ Intent classified in 3.56s | Intent: query_data
2026-02-23 02:22:24 - INFO - Workflow.workflow_graph - [TRACE_ID=177f0430-3c52-40cb-a389-8450c6a1eaa0] ✅ Node completed: intent_classifier | Duration: 3.56s
2026-02-23 02:22:24 - INFO - Workflow.workflow_graph - [TRACE_ID=a0b34222-0ec1-423c-b20e-4073f2f84c79] ▶️ Entering node: data_query | State keys: ['user_input', 'intent', 'confidence', 'intent_meta', 'trace_id']
2026-02-23 02:22:24 - INFO - Agents.DataQueryAgent.query_agent - Loading data from CSV...
2026-02-23 02:22:24 - INFO - Agents.DataQueryAgent.load_data - Data loaded successfully from Datafiles/filtered_leads.csv. Shape: (83, 88)
2026-02-23 02:22:24 - INFO - Agents.DataQueryAgent.query_agent - Data loaded successfully. Shape: (83, 88)
2026-02-23 02:22:24 - INFO - Agents.DataQueryAgent.query_agent - Generating SQL query for user request: top 3 leads from Mumbai
2026-02-23 02:22:24 - INFO - Mixins.llm_client - Sending request to OpenRouter model=meta-llama/llama-3.3-70b-instruct
2026-02-23 02:22:25 - INFO - Mixins.llm_client - Received response from meta-llama/llama-3.3-70b-instruct in 1.09 seconds
2026-02-23 02:22:25 - INFO - Agents.DataQueryAgent.query_agent - Generated SQL: SELECT * FROM df WHERE "City" = 'Mumbai' LIMIT 3
2026-02-23 02:22:25 - INFO - Agents.DataQueryAgent.query_agent - Executing SQL query: SELECT * FROM df WHERE "City" = 'Mumbai' LIMIT 3
2026-02-23 02:22:25 - INFO - Agents.DataQueryAgent.load_data - Executing SQL query: SELECT * FROM df WHERE "City" = 'Mumbai' LIMIT 3
2026-02-23 02:22:25 - INFO - Agents.DataQueryAgent.load_data - SQL query executed successfully — 3 rows returned.
2026-02-23 02:22:25 - INFO - Agents.DataQueryAgent.query_agent - Query executed successfully.
2026-02-23 02:22:25 - INFO - Mixins.llm_client - Sending request to OpenRouter model=meta-llama/llama-3.3-70b-instruct
2026-02-23 02:22:27 - INFO - Mixins.llm_client - Received response from meta-llama/llama-3.3-70b-instruct in 1.73 seconds
2026-02-23 02:22:27 - INFO - Workflow.workflow_graph - [TRACE_ID=a0b34222-0ec1-423c-b20e-4073f2f84c79] ✅ Node completed: data_query | Duration: 2.88s
2026-02-23 02:22:27 - INFO - API.main - ✅ LangGraph pipeline completed successfully.
2026-02-23 02:23:08 - INFO - API.main - 🧠 Running LangGraph pipeline for: 'top 3 leads from Mumbai'
2026-02-23 02:23:08 - INFO - Workflow.workflow_graph - [TRACE_ID=4cae1ef5-2624-4181-9ac7-9f4bc4b19eb9] ▶️ Entering node: intent_classifier | State keys: ['user_input', 'trace_id']
2026-02-23 02:23:08 - INFO - Utils.intent_classifier - 🧭 Classifying intent for: 'top 3 leads from Mumbai'
2026-02-23 02:23:08 - INFO - Mixins.llm_client - Sending request to OpenRouter model=meta-llama/llama-3.3-70b-instruct
2026-02-23 02:23:22 - INFO - Mixins.llm_client - Received response from meta-llama/llama-3.3-70b-instruct in 14.61 seconds
2026-02-23 02:23:22 - INFO - Mixins.text_processor - ✅ JSON extracted successfully
2026-02-23 02:23:22 - INFO - Utils.intent_classifier - ✅ Intent classified in 14.61s | Intent: query_data
2026-02-23 02:23:22 - INFO - Workflow.workflow_graph - [TRACE_ID=4cae1ef5-2624-4181-9ac7-9f4bc4b19eb9] ✅ Node completed: intent_classifier | Duration: 14.61s
2026-02-23 02:23:22 - INFO - Workflow.workflow_graph - [TRACE_ID=38122128-b4a2-49f0-9d09-b30c9b90fe17] ▶️ Entering node: data_query | State keys: ['user_input', 'intent', 'confidence', 'intent_meta', 'trace_id']
2026-02-23 02:23:22 - INFO - Agents.DataQueryAgent.query_agent - Loading data from CSV...
2026-02-23 02:23:22 - INFO - Agents.DataQueryAgent.load_data - Data loaded successfully from Datafiles/filtered_leads.csv. Shape: (83, 88)
2026-02-23 02:23:22 - INFO - Agents.DataQueryAgent.query_agent - Data loaded successfully. Shape: (83, 88)
2026-02-23 02:23:22 - INFO - Agents.DataQueryAgent.query_agent - Generating SQL query for user request: top 3 leads from Mumbai
2026-02-23 02:23:22 - INFO - Mixins.llm_client - Sending request to OpenRouter model=meta-llama/llama-3.3-70b-instruct
2026-02-23 02:23:23 - INFO - Mixins.llm_client - Received response from meta-llama/llama-3.3-70b-instruct in 1.35 seconds
2026-02-23 02:23:23 - INFO - Agents.DataQueryAgent.query_agent - Generated SQL: SELECT * FROM df WHERE "City" = 'Mumbai' LIMIT 3
2026-02-23 02:23:23 - INFO - Agents.DataQueryAgent.query_agent - Executing SQL query: SELECT * FROM df WHERE "City" = 'Mumbai' LIMIT 3
2026-02-23 02:23:23 - INFO - Agents.DataQueryAgent.load_data - Executing SQL query: SELECT * FROM df WHERE "City" = 'Mumbai' LIMIT 3
2026-02-23 02:23:24 - INFO - Agents.DataQueryAgent.load_data - SQL query executed successfully — 3 rows returned.
2026-02-23 02:23:24 - INFO - Agents.DataQueryAgent.query_agent - Query executed successfully.
2026-02-23 02:23:24 - INFO - Mixins.llm_client - Sending request to OpenRouter model=meta-llama/llama-3.3-70b-instruct
2026-02-23 02:23:31 - INFO - Mixins.llm_client - Received response from meta-llama/llama-3.3-70b-instruct in 4.35 seconds
2026-02-23 02:23:31 - INFO - Workflow.workflow_graph - [TRACE_ID=38122128-b4a2-49f0-9d09-b30c9b90fe17] ✅ Node completed: data_query | Duration: 5.74s
2026-02-23 02:23:31 - INFO - API.main - ✅ LangGraph pipeline completed successfully.
2026-02-23 02:25:27 - INFO - API.main - 🧠 Running LangGraph pipeline for: 'top 3 leads from Mumbai'
2026-02-23 02:25:27 - INFO - Workflow.workflow_graph - [TRACE_ID=f8549f2c-8e25-4ccc-86e8-d86b70f3628c] ▶️ Entering node: intent_classifier | State keys: ['user_input', 'trace_id']
2026-02-23 02:25:27 - INFO - Utils.intent_classifier - 🧭 Classifying intent for: 'top 3 leads from Mumbai'
2026-02-23 02:25:27 - INFO - Mixins.llm_client - Sending request to OpenRouter model=meta-llama/llama-3.3-70b-instruct
2026-02-23 02:25:31 - INFO - Mixins.llm_client - Received response from meta-llama/llama-3.3-70b-instruct in 3.37 seconds
2026-02-23 02:25:31 - INFO - Mixins.text_processor - ✅ JSON extracted successfully
2026-02-23 02:25:31 - INFO - Utils.intent_classifier - ✅ Intent classified in 3.37s | Intent: query_data
2026-02-23 02:25:31 - INFO - Workflow.workflow_graph - [TRACE_ID=f8549f2c-8e25-4ccc-86e8-d86b70f3628c] ✅ Node completed: intent_classifier | Duration: 3.37s
2026-02-23 02:25:31 - INFO - Workflow.workflow_graph - [TRACE_ID=68b4c9ff-d8ed-4b2d-8587-4434016fdd2e] ▶️ Entering node: data_query | State keys: ['user_input', 'intent', 'confidence', 'intent_meta', 'trace_id']
2026-02-23 02:25:31 - INFO - Agents.DataQueryAgent.query_agent - Loading data from CSV...
2026-02-23 02:25:31 - INFO - Agents.DataQueryAgent.load_data - Data loaded successfully from Datafiles/filtered_leads.csv. Shape: (83, 88)
2026-02-23 02:25:31 - INFO - Agents.DataQueryAgent.query_agent - Data loaded successfully. Shape: (83, 88)
2026-02-23 02:25:31 - INFO - Agents.DataQueryAgent.query_agent - Generating SQL query for user request: top 3 leads from Mumbai
2026-02-23 02:25:31 - INFO - Mixins.llm_client - Sending request to OpenRouter model=meta-llama/llama-3.3-70b-instruct
2026-02-23 02:25:32 - INFO - Mixins.llm_client - Received response from meta-llama/llama-3.3-70b-instruct in 1.33 seconds
2026-02-23 02:25:32 - INFO - Agents.DataQueryAgent.query_agent - Generated SQL: SELECT * FROM df WHERE "City" = 'Mumbai' ORDER BY "Lead Quality" DESC LIMIT 3
2026-02-23 02:25:32 - INFO - Agents.DataQueryAgent.query_agent - Executing SQL query: SELECT * FROM df WHERE "City" = 'Mumbai' ORDER BY "Lead Quality" DESC LIMIT 3
2026-02-23 02:25:32 - INFO - Agents.DataQueryAgent.load_data - Executing SQL query: SELECT * FROM df WHERE "City" = 'Mumbai' ORDER BY "Lead Quality" DESC LIMIT 3
2026-02-23 02:25:32 - INFO - Agents.DataQueryAgent.load_data - SQL query executed successfully — 3 rows returned.
2026-02-23 02:25:32 - INFO - Agents.DataQueryAgent.query_agent - Query executed successfully.
2026-02-23 02:25:32 - INFO - Mixins.llm_client - Sending request to OpenRouter model=meta-llama/llama-3.3-70b-instruct
2026-02-23 02:25:43 - INFO - Mixins.llm_client - Received response from meta-llama/llama-3.3-70b-instruct in 10.85 seconds
2026-02-23 02:25:43 - INFO - Workflow.workflow_graph - [TRACE_ID=68b4c9ff-d8ed-4b2d-8587-4434016fdd2e] ✅ Node completed: data_query | Duration: 12.23s
2026-02-23 02:25:43 - INFO - API.main - ✅ LangGraph pipeline completed successfully.
2026-02-23 02:27:54 - INFO - API.main - 🧠 Running LangGraph pipeline for: 'top 2 rows'
2026-02-23 02:27:54 - INFO - Workflow.workflow_graph - [TRACE_ID=5bef378a-a9f1-4721-8f14-d9e3aa27b4a7] ▶️ Entering node: intent_classifier | State keys: ['user_input', 'trace_id']
2026-02-23 02:27:54 - INFO - Utils.intent_classifier - 🧭 Classifying intent for: 'top 2 rows'
2026-02-23 02:27:54 - INFO - Mixins.llm_client - Sending request to OpenRouter model=meta-llama/llama-3.3-70b-instruct
2026-02-23 02:27:56 - INFO - Mixins.llm_client - Received response from meta-llama/llama-3.3-70b-instruct in 1.56 seconds
2026-02-23 02:27:56 - INFO - Mixins.text_processor - ✅ JSON extracted successfully
2026-02-23 02:27:56 - INFO - Utils.intent_classifier - ✅ Intent classified in 1.56s | Intent: query_data
2026-02-23 02:27:56 - INFO - Workflow.workflow_graph - [TRACE_ID=5bef378a-a9f1-4721-8f14-d9e3aa27b4a7] ✅ Node completed: intent_classifier | Duration: 1.56s
2026-02-23 02:27:56 - INFO - Workflow.workflow_graph - [TRACE_ID=cb4b47b6-78fd-4a9a-8685-8b7ee2a7dd99] ▶️ Entering node: data_query | State keys: ['user_input', 'intent', 'confidence', 'intent_meta', 'trace_id']
2026-02-23 02:27:56 - INFO - Agents.DataQueryAgent.query_agent - Loading data from CSV...
2026-02-23 02:27:56 - INFO - Agents.DataQueryAgent.load_data - Data loaded successfully from Datafiles/filtered_leads.csv. Shape: (83, 88)
2026-02-23 02:27:56 - INFO - Agents.DataQueryAgent.query_agent - Data loaded successfully. Shape: (83, 88)
2026-02-23 02:27:56 - INFO - Agents.DataQueryAgent.query_agent - Generating SQL query for user request: top 2 rows
2026-02-23 02:27:56 - INFO - Mixins.llm_client - Sending request to OpenRouter model=meta-llama/llama-3.3-70b-instruct
2026-02-23 02:27:57 - INFO - Mixins.llm_client - Received response from meta-llama/llama-3.3-70b-instruct in 1.16 seconds
2026-02-23 02:27:57 - INFO - Agents.DataQueryAgent.query_agent - Generated SQL: SELECT * FROM df LIMIT
2026-02-23 02:27:57 - INFO - Agents.DataQueryAgent.query_agent - Executing SQL query: SELECT * FROM df LIMIT
2026-02-23 02:27:57 - INFO - Agents.DataQueryAgent.load_data - Executing SQL query: SELECT * FROM df LIMIT
2026-02-23 02:27:57 - ERROR - Agents.DataQueryAgent.load_data - Error executing SQL query: Parser Error: syntax error at end of input
2026-02-23 02:27:57 - INFO - Agents.DataQueryAgent.query_agent - Query executed successfully.
2026-02-23 02:27:57 - INFO - Mixins.llm_client - Sending request to OpenRouter model=meta-llama/llama-3.3-70b-instruct
2026-02-23 02:28:08 - INFO - Mixins.llm_client - Received response from meta-llama/llama-3.3-70b-instruct in 11.17 seconds
2026-02-23 02:28:08 - INFO - Workflow.workflow_graph - [TRACE_ID=cb4b47b6-78fd-4a9a-8685-8b7ee2a7dd99] ✅ Node completed: data_query | Duration: 12.38s
2026-02-23 02:28:08 - INFO - API.main - ✅ LangGraph pipeline completed successfully.
2026-02-23 02:29:23 - INFO - root - ✅ Logging initialized for FastAPI app.
2026-02-23 02:29:24 - INFO - API.main - 🧠 Running LangGraph pipeline for: 'top 2 rows in data'
2026-02-23 02:29:24 - INFO - Workflow.workflow_graph - [TRACE_ID=ba69292e-b04d-4fbb-892a-90fc7147ddc4] ▶️ Entering node: intent_classifier | State keys: ['user_input', 'trace_id']
2026-02-23 02:29:24 - INFO - Utils.intent_classifier - 🧭 Classifying intent for: 'top 2 rows in data'
2026-02-23 02:29:24 - INFO - Mixins.llm_client - Sending request to OpenRouter model=meta-llama/llama-3.3-70b-instruct
2026-02-23 02:29:25 - INFO - Mixins.llm_client - Received response from meta-llama/llama-3.3-70b-instruct in 1.02 seconds
2026-02-23 02:29:25 - INFO - Mixins.text_processor - ✅ JSON extracted successfully
2026-02-23 02:29:25 - INFO - Utils.intent_classifier - ✅ Intent classified in 1.02s | Intent: query_data
2026-02-23 02:29:25 - INFO - Workflow.workflow_graph - [TRACE_ID=ba69292e-b04d-4fbb-892a-90fc7147ddc4] ✅ Node completed: intent_classifier | Duration: 1.02s
2026-02-23 02:29:25 - INFO - Workflow.workflow_graph - [TRACE_ID=984b05de-627f-44e7-8f4c-b3a5af04ed2c] ▶️ Entering node: data_query | State keys: ['user_input', 'intent', 'confidence', 'intent_meta', 'trace_id']
2026-02-23 02:29:25 - INFO - Agents.DataQueryAgent.query_agent - Loading data from CSV...
2026-02-23 02:29:25 - INFO - Agents.DataQueryAgent.load_data - Data loaded successfully from Datafiles/filtered_leads.csv. Shape: (83, 88)
2026-02-23 02:29:25 - INFO - Agents.DataQueryAgent.query_agent - Data loaded successfully. Shape: (83, 88)
2026-02-23 02:29:25 - INFO - Agents.DataQueryAgent.query_agent - Generating SQL query for user request: top 2 rows in data
2026-02-23 02:29:25 - INFO - Mixins.llm_client - Sending request to OpenRouter model=meta-llama/llama-3.3-70b-instruct
2026-02-23 02:29:32 - INFO - Mixins.llm_client - Received response from meta-llama/llama-3.3-70b-instruct in 3.05 seconds
2026-02-23 02:29:32 - INFO - Agents.DataQueryAgent.query_agent - Generated SQL: SELECT * FROM df LIMIT 2
2026-02-23 02:29:32 - INFO - Agents.DataQueryAgent.query_agent - Executing SQL query: SELECT * FROM df LIMIT 2
2026-02-23 02:29:32 - INFO - Agents.DataQueryAgent.load_data - Executing SQL query: SELECT * FROM df LIMIT 2
2026-02-23 02:29:32 - INFO - Agents.DataQueryAgent.load_data - SQL query executed successfully — 2 rows returned.
2026-02-23 02:29:32 - INFO - Agents.DataQueryAgent.query_agent - Query executed successfully.
2026-02-23 02:29:32 - INFO - Mixins.llm_client - Sending request to OpenRouter model=meta-llama/llama-3.3-70b-instruct
2026-02-23 02:29:34 - INFO - Mixins.llm_client - Received response from meta-llama/llama-3.3-70b-instruct in 2.57 seconds
2026-02-23 02:29:34 - INFO - Workflow.workflow_graph - [TRACE_ID=984b05de-627f-44e7-8f4c-b3a5af04ed2c] ✅ Node completed: data_query | Duration: 5.66s
2026-02-23 02:29:34 - INFO - API.main - ✅ LangGraph pipeline completed successfully.
2026-02-23 02:30:24 - INFO - API.main - 🧠 Running LangGraph pipeline for: 'top 2 rows in data'
2026-02-23 02:30:24 - INFO - Workflow.workflow_graph - [TRACE_ID=77f52d40-90c8-472c-bcb7-e3d1b828f89c] ▶️ Entering node: intent_classifier | State keys: ['user_input', 'trace_id']
2026-02-23 02:30:24 - INFO - Utils.intent_classifier - 🧭 Classifying intent for: 'top 2 rows in data'
2026-02-23 02:30:24 - INFO - Mixins.llm_client - Sending request to OpenRouter model=meta-llama/llama-3.3-70b-instruct
2026-02-23 02:30:26 - INFO - Mixins.llm_client - Received response from meta-llama/llama-3.3-70b-instruct in 1.97 seconds
2026-02-23 02:30:26 - INFO - Mixins.text_processor - ✅ JSON extracted successfully
2026-02-23 02:30:26 - INFO - Utils.intent_classifier - ✅ Intent classified in 1.97s | Intent: query_data
2026-02-23 02:30:26 - INFO - Workflow.workflow_graph - [TRACE_ID=77f52d40-90c8-472c-bcb7-e3d1b828f89c] ✅ Node completed: intent_classifier | Duration: 1.97s
2026-02-23 02:30:26 - INFO - Workflow.workflow_graph - [TRACE_ID=3b1c3142-311e-4361-9b79-606a1e43a7e1] ▶️ Entering node: data_query | State keys: ['user_input', 'intent', 'confidence', 'intent_meta', 'trace_id']
2026-02-23 02:30:26 - INFO - Agents.DataQueryAgent.query_agent - Loading data from CSV...
2026-02-23 02:30:26 - INFO - Agents.DataQueryAgent.load_data - Data loaded successfully from Datafiles/filtered_leads.csv. Shape: (83, 88)
2026-02-23 02:30:26 - INFO - Agents.DataQueryAgent.query_agent - Data loaded successfully. Shape: (83, 88)
2026-02-23 02:30:26 - INFO - Agents.DataQueryAgent.query_agent - Generating SQL query for user request: top 2 rows in data
2026-02-23 02:30:26 - INFO - Mixins.llm_client - Sending request to OpenRouter model=meta-llama/llama-3.3-70b-instruct
2026-02-23 02:30:33 - INFO - Mixins.llm_client - Received response from meta-llama/llama-3.3-70b-instruct in 6.13 seconds
2026-02-23 02:30:33 - INFO - Agents.DataQueryAgent.query_agent - Generated SQL: SELECT * FROM df LIMIT
2026-02-23 02:30:33 - INFO - Agents.DataQueryAgent.query_agent - Executing SQL query: SELECT * FROM df LIMIT
2026-02-23 02:30:33 - INFO - Agents.DataQueryAgent.load_data - Executing SQL query: SELECT * FROM df LIMIT
2026-02-23 02:30:33 - ERROR - Agents.DataQueryAgent.load_data - Error executing SQL query: Parser Error: syntax error at end of input
2026-02-23 02:30:33 - INFO - Agents.DataQueryAgent.query_agent - Query executed successfully.
2026-02-23 02:30:33 - INFO - Mixins.llm_client - Sending request to OpenRouter model=meta-llama/llama-3.3-70b-instruct
2026-02-23 02:30:35 - INFO - Mixins.llm_client - Received response from meta-llama/llama-3.3-70b-instruct in 2.39 seconds
2026-02-23 02:30:35 - INFO - Workflow.workflow_graph - [TRACE_ID=3b1c3142-311e-4361-9b79-606a1e43a7e1] ✅ Node completed: data_query | Duration: 8.54s
2026-02-23 02:30:35 - INFO - API.main - ✅ LangGraph pipeline completed successfully.
2026-02-23 02:30:45 - INFO - Utils.intent_classifier - 🧭 Classifying intent for: 'top 1 rows'
2026-02-23 02:30:45 - INFO - Mixins.llm_client - Sending request to OpenRouter model=meta-llama/llama-3.3-70b-instruct
2026-02-23 02:30:47 - INFO - Mixins.llm_client - Received response from meta-llama/llama-3.3-70b-instruct in 1.78 seconds
2026-02-23 02:30:47 - INFO - Mixins.text_processor - ✅ JSON extracted successfully
2026-02-23 02:30:47 - INFO - Utils.intent_classifier - ✅ Intent classified in 1.79s | Intent: query_data
2026-02-23 02:30:47 - INFO - Agents.DataQueryAgent.query_agent - Loading data from CSV...
2026-02-23 02:30:47 - INFO - Agents.DataQueryAgent.load_data - Data loaded successfully from Datafiles/filtered_leads.csv. Shape: (83, 88)
2026-02-23 02:30:47 - INFO - Agents.DataQueryAgent.query_agent - Data loaded successfully. Shape: (83, 88)
2026-02-23 02:30:47 - INFO - Agents.DataQueryAgent.query_agent - Generating SQL query for user request: top 1 rows
2026-02-23 02:30:47 - INFO - Mixins.llm_client - Sending request to OpenRouter model=meta-llama/llama-3.3-70b-instruct
2026-02-23 02:30:48 - INFO - Mixins.llm_client - Received response from meta-llama/llama-3.3-70b-instruct in 1.06 seconds
2026-02-23 02:30:48 - INFO - Agents.DataQueryAgent.query_agent - Generated SQL: SELECT * FROM df LIMIT 1
2026-02-23 02:30:48 - INFO - Agents.DataQueryAgent.query_agent - Executing SQL query: SELECT * FROM df LIMIT 1
2026-02-23 02:30:48 - INFO - Agents.DataQueryAgent.load_data - Executing SQL query: SELECT * FROM df LIMIT 1
2026-02-23 02:30:48 - INFO - Agents.DataQueryAgent.load_data - SQL query executed successfully — 1 rows returned.
2026-02-23 02:30:48 - INFO - Agents.DataQueryAgent.query_agent - Query executed successfully.
2026-02-23 02:30:48 - INFO - Mixins.llm_client - Sending request to OpenRouter model=meta-llama/llama-3.3-70b-instruct
2026-02-23 02:30:49 - INFO - Mixins.llm_client - Received response from meta-llama/llama-3.3-70b-instruct in 1.62 seconds
2026-02-23 02:31:29 - INFO - Utils.intent_classifier - 🧭 Classifying intent for: 'top 1 row'
2026-02-23 02:31:29 - INFO - Mixins.llm_client - Sending request to OpenRouter model=meta-llama/llama-3.3-70b-instruct
2026-02-23 02:31:35 - INFO - Mixins.llm_client - Received response from meta-llama/llama-3.3-70b-instruct in 5.39 seconds
2026-02-23 02:31:35 - INFO - Mixins.text_processor - ✅ JSON extracted successfully
2026-02-23 02:31:35 - INFO - Utils.intent_classifier - ✅ Intent classified in 5.39s | Intent: query_data
2026-02-23 02:31:35 - INFO - Agents.DataQueryAgent.query_agent - Loading data from CSV...
2026-02-23 02:31:35 - INFO - Agents.DataQueryAgent.load_data - Data loaded successfully from Datafiles/filtered_leads.csv. Shape: (83, 88)
2026-02-23 02:31:35 - INFO - Agents.DataQueryAgent.query_agent - Data loaded successfully. Shape: (83, 88)
2026-02-23 02:31:35 - INFO - Agents.DataQueryAgent.query_agent - Generating SQL query for user request: top 1 row
2026-02-23 02:31:35 - INFO - Mixins.llm_client - Sending request to OpenRouter model=meta-llama/llama-3.3-70b-instruct
2026-02-23 02:31:37 - INFO - Mixins.llm_client - Received response from meta-llama/llama-3.3-70b-instruct in 2.44 seconds
2026-02-23 02:31:37 - INFO - Agents.DataQueryAgent.query_agent - Generated SQL: SELECT * FROM df LIMIT 1
2026-02-23 02:31:37 - INFO - Agents.DataQueryAgent.query_agent - Executing SQL query: SELECT * FROM df LIMIT 1
2026-02-23 02:31:37 - INFO - Agents.DataQueryAgent.load_data - Executing SQL query: SELECT * FROM df LIMIT 1
2026-02-23 02:31:37 - INFO - Agents.DataQueryAgent.load_data - SQL query executed successfully — 1 rows returned.
2026-02-23 02:31:37 - INFO - Agents.DataQueryAgent.query_agent - Query executed successfully.
2026-02-23 02:31:37 - INFO - Mixins.llm_client - Sending request to OpenRouter model=meta-llama/llama-3.3-70b-instruct
2026-02-23 02:31:39 - INFO - Mixins.llm_client - Received response from meta-llama/llama-3.3-70b-instruct in 1.51 seconds
2026-02-23 02:31:46 - INFO - Utils.intent_classifier - 🧭 Classifying intent for: 'top 1 row'
2026-02-23 02:31:46 - INFO - Mixins.llm_client - Sending request to OpenRouter model=meta-llama/llama-3.3-70b-instruct
2026-02-23 02:32:06 - INFO - Mixins.llm_client - Received response from meta-llama/llama-3.3-70b-instruct in 16.25 seconds
2026-02-23 02:32:06 - INFO - Mixins.text_processor - ✅ JSON extracted successfully
2026-02-23 02:32:06 - INFO - Utils.intent_classifier - ✅ Intent classified in 16.25s | Intent: query_data
2026-02-23 02:32:06 - INFO - Agents.DataQueryAgent.query_agent - Loading data from CSV...
2026-02-23 02:32:06 - INFO - Agents.DataQueryAgent.load_data - Data loaded successfully from Datafiles/filtered_leads.csv. Shape: (83, 88)
2026-02-23 02:32:06 - INFO - Agents.DataQueryAgent.query_agent - Data loaded successfully. Shape: (83, 88)
2026-02-23 02:32:06 - INFO - Agents.DataQueryAgent.query_agent - Generating SQL query for user request: top 1 row
2026-02-23 02:32:06 - INFO - Mixins.llm_client - Sending request to OpenRouter model=meta-llama/llama-3.3-70b-instruct
2026-02-23 02:32:10 - INFO - Mixins.llm_client - Received response from meta-llama/llama-3.3-70b-instruct in 4.51 seconds
2026-02-23 02:32:10 - INFO - Agents.DataQueryAgent.query_agent - Generated SQL: SELECT * FROM df LIMIT 1
2026-02-23 02:32:10 - INFO - Agents.DataQueryAgent.query_agent - Executing SQL query: SELECT * FROM df LIMIT 1
2026-02-23 02:32:10 - INFO - Agents.DataQueryAgent.load_data - Executing SQL query: SELECT * FROM df LIMIT 1
2026-02-23 02:32:10 - INFO - Agents.DataQueryAgent.load_data - SQL query executed successfully — 1 rows returned.
2026-02-23 02:32:10 - INFO - Agents.DataQueryAgent.query_agent - Query executed successfully.
2026-02-23 02:32:10 - INFO - Mixins.llm_client - Sending request to OpenRouter model=meta-llama/llama-3.3-70b-instruct
2026-02-23 02:32:11 - INFO - Mixins.llm_client - Received response from meta-llama/llama-3.3-70b-instruct in 1.09 seconds
2026-02-23 02:32:17 - INFO - Utils.intent_classifier - 🧭 Classifying intent for: 'top 1 row'
2026-02-23 02:32:17 - INFO - Mixins.llm_client - Sending request to OpenRouter model=meta-llama/llama-3.3-70b-instruct
2026-02-23 02:32:24 - INFO - Mixins.llm_client - Received response from meta-llama/llama-3.3-70b-instruct in 6.67 seconds
2026-02-23 02:32:24 - INFO - Mixins.text_processor - ✅ JSON extracted successfully
2026-02-23 02:32:24 - INFO - Utils.intent_classifier - ✅ Intent classified in 6.67s | Intent: query_data
2026-02-23 02:32:24 - INFO - Agents.DataQueryAgent.query_agent - Loading data from CSV...
2026-02-23 02:32:24 - INFO - Agents.DataQueryAgent.load_data - Data loaded successfully from Datafiles/filtered_leads.csv. Shape: (83, 88)
2026-02-23 02:32:24 - INFO - Agents.DataQueryAgent.query_agent - Data loaded successfully. Shape: (83, 88)
2026-02-23 02:32:24 - INFO - Agents.DataQueryAgent.query_agent - Generating SQL query for user request: top 1 row
2026-02-23 02:32:24 - INFO - Mixins.llm_client - Sending request to OpenRouter model=meta-llama/llama-3.3-70b-instruct
2026-02-23 02:32:30 - INFO - Mixins.llm_client - Received response from meta-llama/llama-3.3-70b-instruct in 2.76 seconds
2026-02-23 02:32:30 - INFO - Agents.DataQueryAgent.query_agent - Generated SQL: SELECT * FROM df LIMIT 1
2026-02-23 02:32:30 - INFO - Agents.DataQueryAgent.query_agent - Executing SQL query: SELECT * FROM df LIMIT 1
2026-02-23 02:32:30 - INFO - Agents.DataQueryAgent.load_data - Executing SQL query: SELECT * FROM df LIMIT 1
2026-02-23 02:32:30 - INFO - Agents.DataQueryAgent.load_data - SQL query executed successfully — 1 rows returned.
2026-02-23 02:32:30 - INFO - Agents.DataQueryAgent.query_agent - Query executed successfully.
2026-02-23 02:32:30 - INFO - Mixins.llm_client - Sending request to OpenRouter model=meta-llama/llama-3.3-70b-instruct
2026-02-23 02:32:34 - INFO - Mixins.llm_client - Received response from meta-llama/llama-3.3-70b-instruct in 4.12 seconds
2026-02-23 02:32:48 - INFO - API.main - 🧠 Running LangGraph pipeline for: 'top 1 row'
2026-02-23 02:32:48 - INFO - Workflow.workflow_graph - [TRACE_ID=013af5fa-1c52-4b56-a4dd-a8796cbcbf1a] ▶️ Entering node: intent_classifier | State keys: ['user_input', 'trace_id']
2026-02-23 02:32:48 - INFO - Utils.intent_classifier - 🧭 Classifying intent for: 'top 1 row'
2026-02-23 02:32:48 - INFO - Mixins.llm_client - Sending request to OpenRouter model=meta-llama/llama-3.3-70b-instruct
2026-02-23 02:32:54 - INFO - Mixins.llm_client - Received response from meta-llama/llama-3.3-70b-instruct in 5.60 seconds
2026-02-23 02:32:54 - ERROR - Utils.intent_classifier - Error in intent classification: No JSON object found in response
2026-02-23 02:32:54 - INFO - Workflow.workflow_graph - [TRACE_ID=013af5fa-1c52-4b56-a4dd-a8796cbcbf1a] ✅ Node completed: intent_classifier | Duration: 5.60s
2026-02-23 02:32:54 - INFO - API.main - ✅ LangGraph pipeline completed successfully.
2026-02-23 02:33:13 - INFO - API.main - 🧠 Running LangGraph pipeline for: 'top 1 row from the data'
2026-02-23 02:33:13 - INFO - Workflow.workflow_graph - [TRACE_ID=e2465cf3-50b0-44b5-8300-08c0d860fa38] ▶️ Entering node: intent_classifier | State keys: ['user_input', 'trace_id']
2026-02-23 02:33:13 - INFO - Utils.intent_classifier - 🧭 Classifying intent for: 'top 1 row from the data'
2026-02-23 02:33:13 - INFO - Mixins.llm_client - Sending request to OpenRouter model=meta-llama/llama-3.3-70b-instruct
2026-02-23 02:33:16 - INFO - Mixins.llm_client - Received response from meta-llama/llama-3.3-70b-instruct in 2.85 seconds
2026-02-23 02:33:16 - ERROR - Utils.intent_classifier - Error in intent classification: No JSON object found in response
2026-02-23 02:33:16 - INFO - Workflow.workflow_graph - [TRACE_ID=e2465cf3-50b0-44b5-8300-08c0d860fa38] ✅ Node completed: intent_classifier | Duration: 2.85s
2026-02-23 02:33:16 - INFO - API.main - ✅ LangGraph pipeline completed successfully.
2026-02-23 02:33:33 - INFO - root - ✅ Logging initialized for FastAPI app.
2026-02-23 02:33:35 - INFO - API.main - 🧠 Running LangGraph pipeline for: 'top 1 row from the data'
2026-02-23 02:33:35 - INFO - Workflow.workflow_graph - [TRACE_ID=bb14ab4d-58fa-4989-b679-4ef2e6db96eb] ▶️ Entering node: intent_classifier | State keys: ['user_input', 'trace_id']
2026-02-23 02:33:35 - INFO - Utils.intent_classifier - 🧭 Classifying intent for: 'top 1 row from the data'
2026-02-23 02:33:35 - INFO - Mixins.llm_client - Sending request to OpenRouter model=meta-llama/llama-3.3-70b-instruct
2026-02-23 02:33:43 - INFO - Mixins.llm_client - Received response from meta-llama/llama-3.3-70b-instruct in 4.82 seconds
2026-02-23 02:33:43 - INFO - Mixins.text_processor - ✅ JSON extracted successfully
2026-02-23 02:33:43 - INFO - Utils.intent_classifier - ✅ Intent classified in 4.82s | Intent: query_data
2026-02-23 02:33:43 - INFO - Workflow.workflow_graph - [TRACE_ID=bb14ab4d-58fa-4989-b679-4ef2e6db96eb] ✅ Node completed: intent_classifier | Duration: 4.82s
2026-02-23 02:33:43 - INFO - Workflow.workflow_graph - [TRACE_ID=c97b95eb-8b57-4c74-bf34-5c0b3b424c0c] ▶️ Entering node: data_query | State keys: ['user_input', 'intent', 'confidence', 'intent_meta', 'trace_id']
2026-02-23 02:33:43 - INFO - Agents.DataQueryAgent.query_agent - Loading data from CSV...
2026-02-23 02:33:43 - INFO - Agents.DataQueryAgent.load_data - Data loaded successfully from Datafiles/filtered_leads.csv. Shape: (83, 88)
2026-02-23 02:33:43 - INFO - Agents.DataQueryAgent.query_agent - Data loaded successfully. Shape: (83, 88)
2026-02-23 02:33:43 - INFO - Agents.DataQueryAgent.query_agent - Generating SQL query for user request: top 1 row from the data
2026-02-23 02:33:43 - INFO - Mixins.llm_client - Sending request to OpenRouter model=meta-llama/llama-3.3-70b-instruct
2026-02-23 02:33:48 - INFO - Mixins.llm_client - Received response from meta-llama/llama-3.3-70b-instruct in 5.33 seconds
2026-02-23 02:33:48 - INFO - Agents.DataQueryAgent.query_agent - Generated SQL: SELECT * FROM df LIMIT 1
2026-02-23 02:33:48 - INFO - Agents.DataQueryAgent.query_agent - Executing SQL query: SELECT * FROM df LIMIT 1
2026-02-23 02:33:48 - INFO - Agents.DataQueryAgent.load_data - Executing SQL query: SELECT * FROM df LIMIT 1
2026-02-23 02:33:48 - INFO - Agents.DataQueryAgent.load_data - SQL query executed successfully — 1 rows returned.
2026-02-23 02:33:48 - INFO - Agents.DataQueryAgent.query_agent - Query executed successfully.
2026-02-23 02:33:48 - INFO - Mixins.llm_client - Sending request to OpenRouter model=meta-llama/llama-3.3-70b-instruct
2026-02-23 02:33:51 - INFO - Mixins.llm_client - Received response from meta-llama/llama-3.3-70b-instruct in 2.84 seconds
2026-02-23 02:33:51 - INFO - Workflow.workflow_graph - [TRACE_ID=c97b95eb-8b57-4c74-bf34-5c0b3b424c0c] ✅ Node completed: data_query | Duration: 8.21s
2026-02-23 02:33:51 - INFO - API.main - ✅ LangGraph pipeline completed successfully.
2026-02-23 02:35:01 - INFO - API.main - 🧠 Running LangGraph pipeline for: 'top 1 row from the data'
2026-02-23 02:35:01 - INFO - Workflow.workflow_graph - [TRACE_ID=2ccff268-f6aa-41b0-8ed3-d232e774f988] ▶️ Entering node: intent_classifier | State keys: ['user_input', 'trace_id']
2026-02-23 02:35:01 - INFO - Utils.intent_classifier - 🧭 Classifying intent for: 'top 1 row from the data'
2026-02-23 02:35:01 - INFO - Mixins.llm_client - Sending request to OpenRouter model=meta-llama/llama-3.3-70b-instruct
2026-02-23 02:35:12 - INFO - Mixins.llm_client - Received response from meta-llama/llama-3.3-70b-instruct in 10.70 seconds
2026-02-23 02:35:12 - INFO - Mixins.text_processor - ✅ JSON extracted successfully
2026-02-23 02:35:12 - INFO - Utils.intent_classifier - ✅ Intent classified in 10.70s | Intent: query_data
2026-02-23 02:35:12 - INFO - Workflow.workflow_graph - [TRACE_ID=2ccff268-f6aa-41b0-8ed3-d232e774f988] ✅ Node completed: intent_classifier | Duration: 10.70s
2026-02-23 02:35:12 - INFO - Workflow.workflow_graph - [TRACE_ID=a6b72645-b2d4-4cdb-ac43-adaf3d35db25] ▶️ Entering node: data_query | State keys: ['user_input', 'intent', 'confidence', 'intent_meta', 'trace_id']
2026-02-23 02:35:12 - INFO - Agents.DataQueryAgent.query_agent - Loading data from CSV...
2026-02-23 02:35:12 - INFO - Agents.DataQueryAgent.load_data - Data loaded successfully from Datafiles/filtered_leads.csv. Shape: (83, 88)
2026-02-23 02:35:12 - INFO - Agents.DataQueryAgent.query_agent - Data loaded successfully. Shape: (83, 88)
2026-02-23 02:35:12 - INFO - Agents.DataQueryAgent.query_agent - Generating SQL query for user request: top 1 row from the data
2026-02-23 02:35:12 - INFO - Mixins.llm_client - Sending request to OpenRouter model=meta-llama/llama-3.3-70b-instruct
2026-02-23 02:35:14 - INFO - Mixins.llm_client - Received response from meta-llama/llama-3.3-70b-instruct in 2.43 seconds
2026-02-23 02:35:14 - INFO - Agents.DataQueryAgent.query_agent - Generated SQL: SELECT * FROM df LIMIT 1
2026-02-23 02:35:14 - INFO - Agents.DataQueryAgent.query_agent - Executing SQL query: SELECT * FROM df LIMIT 1
2026-02-23 02:35:14 - INFO - Agents.DataQueryAgent.load_data - Executing SQL query: SELECT * FROM df LIMIT 1
2026-02-23 02:35:14 - INFO - Agents.DataQueryAgent.load_data - SQL query executed successfully — 1 rows returned.
2026-02-23 02:35:14 - INFO - Agents.DataQueryAgent.query_agent - Query executed successfully.
2026-02-23 02:35:14 - INFO - Mixins.llm_client - Sending request to OpenRouter model=meta-llama/llama-3.3-70b-instruct
2026-02-23 02:35:16 - INFO - Mixins.llm_client - Received response from meta-llama/llama-3.3-70b-instruct in 1.68 seconds
2026-02-23 02:35:16 - INFO - Workflow.workflow_graph - [TRACE_ID=a6b72645-b2d4-4cdb-ac43-adaf3d35db25] ✅ Node completed: data_query | Duration: 4.15s
2026-02-23 02:35:16 - INFO - API.main - ✅ LangGraph pipeline completed successfully.
2026-02-23 02:35:40 - INFO - API.main - 🧠 Running LangGraph pipeline for: 'send mail to leads'
2026-02-23 02:35:40 - INFO - Workflow.workflow_graph - [TRACE_ID=0a49c4e0-7fdc-4b96-8282-6dcc872ea63e] ▶️ Entering node: intent_classifier | State keys: ['user_input', 'trace_id']
2026-02-23 02:35:40 - INFO - Utils.intent_classifier - 🧭 Classifying intent for: 'send mail to leads'
2026-02-23 02:35:40 - INFO - Mixins.llm_client - Sending request to OpenRouter model=meta-llama/llama-3.3-70b-instruct
2026-02-23 02:35:44 - INFO - Mixins.llm_client - Received response from meta-llama/llama-3.3-70b-instruct in 3.97 seconds
2026-02-23 02:35:44 - INFO - Mixins.text_processor - ✅ JSON extracted successfully
2026-02-23 02:35:44 - INFO - Utils.intent_classifier - ✅ Intent classified in 3.97s | Intent: send_email
2026-02-23 02:35:44 - INFO - Workflow.workflow_graph - [TRACE_ID=0a49c4e0-7fdc-4b96-8282-6dcc872ea63e] ✅ Node completed: intent_classifier | Duration: 3.97s
2026-02-23 02:35:44 - INFO - Workflow.workflow_graph - [TRACE_ID=e4b9bfcf-347c-426b-ba61-7367a700f36c] ▶️ Entering node: send_email | State keys: ['user_input', 'intent', 'confidence', 'intent_meta', 'trace_id']
2026-02-23 02:35:44 - INFO - Agents.EmailAgent.email_service - Resend API initialized successfully
2026-02-23 02:35:44 - INFO - Agents.DataQueryAgent.load_data - Data loaded successfully from Datafiles/filtered_leads.csv. Shape: (83, 88)
2026-02-23 02:35:44 - INFO - Agents.EmailAgent.email_service - Generating email content via LLM with provided context and information.
2026-02-23 02:35:44 - INFO - Mixins.llm_client - Sending request to OpenRouter model=meta-llama/llama-3.3-70b-instruct
2026-02-23 02:35:46 - INFO - Mixins.llm_client - Received response from meta-llama/llama-3.3-70b-instruct in 2.56 seconds
2026-02-23 02:35:46 - INFO - Mixins.text_processor - ✅ JSON extracted successfully
2026-02-23 02:35:47 - INFO - Agents.EmailAgent.email_service - ✅ Email sent successfully to ['harshitkumar454@gmail.com']
2026-02-23 02:35:47 - INFO - Agents.EmailAgent.email_service - Generating email content via LLM with provided context and information.
2026-02-23 02:35:47 - INFO - Mixins.llm_client - Sending request to OpenRouter model=meta-llama/llama-3.3-70b-instruct
2026-02-23 02:35:56 - INFO - Mixins.llm_client - Received response from meta-llama/llama-3.3-70b-instruct in 9.39 seconds
2026-02-23 02:35:56 - INFO - Mixins.text_processor - ✅ JSON extracted successfully
2026-02-23 02:35:56 - INFO - Agents.EmailAgent.email_service - ✅ Email sent successfully to ['harshitkumar454@gmail.com']
2026-02-23 02:35:56 - INFO - Agents.EmailAgent.email_service - Generating email content via LLM with provided context and information.
2026-02-23 02:35:56 - INFO - Mixins.llm_client - Sending request to OpenRouter model=meta-llama/llama-3.3-70b-instruct
2026-02-23 02:36:04 - INFO - Mixins.llm_client - Received response from meta-llama/llama-3.3-70b-instruct in 3.56 seconds
2026-02-23 02:36:04 - INFO - Mixins.text_processor - ✅ JSON extracted successfully
2026-02-23 02:36:04 - INFO - Agents.EmailAgent.email_service - ✅ Email sent successfully to ['harshitkumar454@gmail.com']
2026-02-23 02:36:04 - INFO - Workflow.workflow_graph - [TRACE_ID=e4b9bfcf-347c-426b-ba61-7367a700f36c] ✅ Node completed: send_email | Duration: 17.06s
2026-02-23 02:36:04 - INFO - API.main - ✅ LangGraph pipeline completed successfully.
2026-02-23 21:48:20 - INFO - root - ✅ Logging initialized for FastAPI app.
